mano_f1,probabilidad_grande,probabilidad_chica,probabilidad_pares,probabilidad_juego,prob_rival_pares_condicionada,prob_rival_juego_condicionada,mano_norm,mano_f2,prob_grande,prob_chica,prob_pares,prob_juego,n_apariciones,mejora_pares,mejora_juego,mejora_grande,mejora_chica
"[1, 1, 1, 1]",0.0,1.0,0.9373,0.0,0.7841,0.6272,"[1, 1, 1, 1]","[1, 1, 1, 1]",0.0,1.0,0.9255702280912363,0.3421368547418967,1666,-0.011729771908763675,0.3421368547418967,0.0,0.0
"[1, 1, 1, 12]",0.1437,0.9896,0.8817,0.0001,0.7764,0.5458,"[1, 1, 1, 12]","[1, 1, 1, 12]",0.0301818751959862,0.2039824396362496,0.8674349325807463,0.338115396676074,12756,-0.014265067419253707,0.338015396676074,-0.1135181248040138,-0.7856175603637504
"[1, 1, 1, 4]",0.0,0.9987,0.8575,0.0,0.803,0.6182,"[1, 1, 1, 4]","[1, 1, 1, 4]",0.0,0.99931330472103,0.8475536480686695,0.3289270386266094,5825,-0.009946351931330533,0.3289270386266094,0.0,0.0006133047210299392
"[1, 1, 1, 5]",0.0,0.9982,0.8573,0.0,0.7977,0.6092,"[1, 1, 1, 5]","[1, 1, 1, 5]",0.0,0.995593220338983,0.8494915254237289,0.3344067796610169,5900,-0.007808474576271096,0.3344067796610169,0.0,-0.002606779661016967
"[1, 1, 1, 6]",0.0,0.9948,0.8601,0.0,0.7951,0.6042,"[1, 1, 1, 6]","[1, 1, 1, 6]",0.0,0.9688018586126784,0.8430136076999668,0.3448390308662463,6026,-0.01708639230003317,0.3448390308662463,0.0,-0.025998141387321594
"[1, 1, 1, 7]",0.0008,0.9936,0.859,0.0,0.7979,0.5952,"[1, 1, 1, 7]","[1, 1, 1, 7]",0.0,0.8986054142739951,0.8446267432321575,0.3358490566037735,6095,-0.014373256767842513,0.3358490566037735,-0.0008,-0.09499458572600494
"[1, 1, 1, 10]",0.0064,0.9945,0.8565,0.0001,0.7944,0.5633,"[1, 1, 1, 10]","[1, 1, 1, 10]",0.0001617076326002,0.7553363518758085,0.847509702457956,0.3326326002587322,6184,-0.008990297542044057,0.3325326002587322,-0.0062382923673998,-0.23916364812419155
"[1, 1, 1, 11]",0.0353,0.9918,0.8643,0.0001,0.792,0.5581,"[1, 1, 1, 11]","[1, 1, 1, 11]",0.0026877470355731,0.5030830039525692,0.8442687747035573,0.3323320158102766,6325,-0.020031225296442634,0.3322320158102766,-0.0326122529644269,-0.4887169960474308
"[1, 1, 12, 12]",0.7665,0.766,0.981,0.0721,0.781,0.4863,"[1, 1, 12, 12]","[1, 1, 12, 12]",0.616957665630232,7.97257434425576e-05,0.9738898190225624,0.3366419516861995,25086,-0.007110180977437541,0.2645419516861995,-0.14954233436976794,-0.7659202742565575
"[1, 1, 4, 4]",0.0,0.9767,0.9253,0.0,0.8096,0.609,"[1, 1, 4, 4]","[1, 1, 4, 4]",0.0,0.9969217238346526,0.9267810026385224,0.3337730870712401,4548,0.0014810026385223551,0.3337730870712401,0.0,0.020221723834652594
"[1, 1, 4, 5]",0.0,0.976,0.2801,0.0,0.8097,0.5977,"[1, 1, 4, 5]","[1, 1, 4, 5]",0.0,0.989968810587541,0.3982972266711624,0.3348225575318216,11863,0.11819722667116239,0.3348225575318216,0.0,0.01396881058754107
"[1, 1, 4, 6]",0.0001,0.9675,0.2855,0.0001,0.8083,0.589,"[1, 1, 4, 6]","[1, 1, 4, 6]",0.0,0.9651258430662938,0.3943905247573614,0.3309754893897022,12158,0.10889052475736144,0.33087548938970224,-0.0001,-0.0023741569337062396
"[1, 1, 4, 7]",0.0008,0.9621,0.2858,0.0001,0.8074,0.5733,"[1, 1, 4, 7]","[1, 1, 4, 7]",0.0,0.900678695580202,0.4000993213044198,0.3277603045853335,12082,0.11429932130441978,0.3276603045853335,-0.0008,-0.061421304419797984
"[1, 1, 4, 10]",0.0081,0.9561,0.2862,0.0016,0.8042,0.5477,"[1, 1, 4, 10]","[1, 1, 4, 10]",0.0002377367461764,0.7549726602741897,0.3996354703225295,0.3271257627387273,12619,0.11343547032252949,0.3255257627387273,-0.007862263253823599,-0.2011273397258102
"[1, 1, 4, 11]",0.0386,0.95,0.2909,0.0014,0.8034,0.544,"[1, 1, 4, 11]","[1, 1, 4, 11]",0.0034026757404686,0.5076173536462764,0.403990410641095,0.3398809063490836,12931,0.11309041064109498,0.33848090634908357,-0.035197324259531405,-0.4423826463537236
"[1, 1, 5, 5]",0.0,0.9245,0.9336,0.0,0.807,0.5873,"[1, 1, 5, 5]","[1, 1, 5, 5]",0.0,0.9814972352190556,0.9257762654189706,0.3390046788600595,4702,-0.007823734581029362,0.3390046788600595,0.0,0.05699723521905564
"[1, 1, 5, 6]",0.0002,0.9147,0.2853,0.0003,0.8072,0.5815,"[1, 1, 5, 6]","[1, 1, 5, 6]",0.0,0.9539588975625298,0.3935797355424565,0.3394933885614147,12554,0.10827973554245651,0.3391933885614147,-0.0002,0.03925889756252987
"[1, 1, 5, 7]",0.0016,0.9076,0.2828,0.0004,0.8095,0.5759,"[1, 1, 5, 7]","[1, 1, 5, 7]",0.0,0.8842540996656584,0.4008915777742398,0.3326699570132144,12562,0.11809157777423979,0.3322699570132144,-0.0016,-0.023345900334341585
"[1, 1, 5, 10]",0.0088,0.9077,0.2855,0.0033,0.8062,0.5242,"[1, 1, 5, 10]","[1, 1, 5, 10]",7.570595805889923e-05,0.7438867438867439,0.3980619274736922,0.3314406843818608,13209,0.1125619274736922,0.3281406843818608,-0.008724294041941102,-0.16381325611325603
"[1, 1, 5, 11]",0.0408,0.9037,0.277,0.0045,0.8094,0.539,"[1, 1, 5, 11]","[1, 1, 5, 11]",0.002199469093667,0.5038301099734547,0.3973454683352294,0.3298445202882063,13185,0.12034546833522936,0.3253445202882063,-0.038600530906333,-0.39986989002654527
"[1, 1, 6, 6]",0.0003,0.8782,0.9297,0.0002,0.8118,0.5666,"[1, 1, 6, 6]","[1, 1, 6, 6]",0.0,0.9338860103626944,0.9353367875647668,0.336580310880829,4825,0.005636787564766821,0.33638031088082904,-0.0003,0.05568601036269438
"[1, 1, 6, 7]",0.0017,0.8713,0.2851,0.0009,0.8061,0.5583,"[1, 1, 6, 7]","[1, 1, 6, 7]",0.0,0.850572920726479,0.4000311793592642,0.3306571049964923,12829,0.11493117935926417,0.3297571049964923,-0.0017,-0.02072707927352091
"[1, 1, 6, 10]",0.0091,0.8686,0.2831,0.0078,0.8067,0.5294,"[1, 1, 6, 10]","[1, 1, 6, 10]",0.0003739156446305,0.7135806162129823,0.4027071492671253,0.3372719114567754,13372,0.11960714926712529,0.3294719114567754,-0.0087260843553695,-0.15501938378701774
"[1, 1, 6, 11]",0.046,0.8583,0.2887,0.0076,0.8042,0.5291,"[1, 1, 6, 11]","[1, 1, 6, 11]",0.0041850384874075,0.4770196547343248,0.395635602720275,0.3305433076750617,13381,0.10693560272027497,0.3229433076750617,-0.0418149615125925,-0.38128034526567517
"[1, 1, 7, 7]",0.005,0.8439,0.9413,0.0029,0.815,0.5434,"[1, 1, 7, 7]","[1, 1, 7, 7]",0.0002024291497975,0.8095141700404859,0.9309716599190284,0.3232793522267206,4940,-0.01032834008097161,0.3203793522267206,-0.0047975708502025,-0.034385829959514114
"[1, 1, 7, 10]",0.0167,0.8328,0.2917,0.0148,0.8022,0.5042,"[1, 1, 7, 10]","[1, 1, 7, 10]",0.0002877283844051,0.6654438210329449,0.3987915407854985,0.3339807221982449,13902,0.10709154078549848,0.3191807221982449,-0.0164122716155949,-0.16735617896705512
"[1, 1, 7, 11]",0.0568,0.824,0.2927,0.0155,0.7993,0.5179,"[1, 1, 7, 11]","[1, 1, 7, 11]",0.0061732878204662,0.4372140315200813,0.3991575277797952,0.3382961725615513,13769,0.10645752777979517,0.3227961725615513,-0.0506267121795338,-0.38678596847991864
"[1, 1, 10, 10]",0.0248,0.8097,0.9402,0.0792,0.8178,0.4842,"[1, 1, 10, 10]","[1, 1, 10, 10]",0.0017081040045549,0.5980261909280699,0.943252989182008,0.3308028088821408,5269,0.0030529891820079147,0.2516028088821408,-0.0230918959954451,-0.21167380907193012
"[1, 1, 10, 11]",0.075,0.8072,0.2785,0.0748,0.812,0.4957,"[1, 1, 10, 11]","[1, 1, 10, 11]",0.0091448167464456,0.3825819818532542,0.4040865899835679,0.3322140458669715,13997,0.12558658998356786,0.2574140458669715,-0.0658551832535544,-0.4246180181467458
"[1, 1, 11, 11]",0.1006,0.7853,0.9566,0.0746,0.8137,0.477,"[1, 1, 11, 11]","[1, 1, 11, 11]",0.0148878576952822,0.282675947409126,0.949922660479505,0.3217324052590874,5172,-0.006677339520494985,0.24713240525908742,-0.0857121423047178,-0.5026240525908741
"[1, 12, 12, 12]",0.9915,0.142,0.9373,1.0,0.7804,0.4149,"[1, 12, 12, 12]","[1, 12, 12, 12]",0.9811586772622404,0.0,0.9324532171238143,0.6362471161240707,15604,-0.0048467828761856735,-0.3637528838759293,-0.010341322737759673,-0.142
"[1, 4, 4, 4]",0.0,0.6874,0.8453,0.0002,0.8386,0.5938,"[1, 4, 4, 4]","[1, 4, 4, 4]",0.0,1.0,0.8485549132947977,0.3398843930635838,865,0.0032549132947976567,0.33968439306358383,0.0,0.3126
"[1, 4, 4, 5]",0.0,0.6976,0.303,0.0013,0.8241,0.5875,"[1, 4, 4, 5]","[1, 4, 4, 5]",0.0,0.9863167760074976,0.4271790065604499,0.3368322399250234,5335,0.12417900656044989,0.3355322399250234,0.0,0.28871677600749757
"[1, 4, 4, 6]",0.0001,0.6956,0.3018,0.001,0.8219,0.5841,"[1, 4, 4, 6]","[1, 4, 4, 6]",0.0,0.9617686812125892,0.4240200810967368,0.3340413207182854,5179,0.12222008109673677,0.3330413207182854,-0.0001,0.2661686812125892
"[1, 4, 4, 7]",0.0013,0.6845,0.3084,0.0027,0.8231,0.5656,"[1, 4, 4, 7]","[1, 4, 4, 7]",0.0,0.8898941289701636,0.4236766121270452,0.332242540904716,5195,0.11527661212704521,0.329542540904716,-0.0013,0.20539412897016363
"[1, 4, 4, 10]",0.0066,0.687,0.3119,0.0224,0.8169,0.5354,"[1, 4, 4, 10]","[1, 4, 4, 10]",0.0001731301939058,0.754674515235457,0.4272853185595567,0.3372576177285318,5776,0.1153853185595567,0.3148576177285318,-0.0064268698060942,0.06767451523545698
"[1, 4, 4, 11]",0.037,0.6866,0.3025,0.019,0.8256,0.526,"[1, 4, 4, 11]","[1, 4, 4, 11]",0.0026968716289104,0.501977705861201,0.4230492628550881,0.3353110391945343,5562,0.1205492628550881,0.3163110391945343,-0.0343031283710896,-0.18462229413879894
"[1, 4, 5, 5]",0.0,0.6696,0.3303,0.0009,0.8276,0.5734,"[1, 4, 5, 5]","[1, 4, 5, 5]",0.0,0.9777652157527792,0.4452609760693424,0.3352176370830978,5307,0.11496097606934241,0.3343176370830978,0.0,0.3081652157527792
"[1, 4, 5, 6]",0.0005,0.6675,0.1846,0.0027,0.8154,0.5635,"[1, 4, 5, 6]","[1, 4, 5, 6]",0.0,0.9444207836456558,0.3099091425326519,0.3303520726859739,14088,0.1253091425326519,0.3276520726859739,-0.0005,0.27692078364565587
"[1, 4, 5, 7]",0.0012,0.6598,0.1828,0.0055,0.8172,0.5579,"[1, 4, 5, 7]","[1, 4, 5, 7]",0.0,0.8793912672450576,0.3049352865879676,0.3223581282890058,14062,0.1221352865879676,0.3168581282890058,-0.0012,0.2195912672450575
"[1, 4, 5, 10]",0.0081,0.6563,0.1815,0.0227,0.8185,0.5341,"[1, 4, 5, 10]","[1, 4, 5, 10]",0.0003300547890949,0.739454749488415,0.3126278962307743,0.3371179615816225,15149,0.1311278962307743,0.3144179615816225,-0.007769945210905099,0.08315474948841506
"[1, 4, 5, 11]",0.0405,0.6465,0.1827,0.0253,0.8173,0.5281,"[1, 4, 5, 11]","[1, 4, 5, 11]",0.0035258116019159,0.491551357104843,0.3179217668972858,0.3328898350186269,15032,0.1352217668972858,0.3075898350186269,-0.0369741883980841,-0.15494864289515697
"[1, 4, 6, 6]",0.0004,0.6101,0.377,0.0057,0.824,0.5625,"[1, 4, 6, 6]","[1, 4, 6, 6]",0.0,0.9267104029990628,0.455107778819119,0.3349578256794752,5335,0.07810777881911901,0.3292578256794752,-0.0004,0.31661040299906285
"[1, 4, 6, 7]",0.0028,0.6025,0.1739,0.0117,0.8261,0.5457,"[1, 4, 6, 7]","[1, 4, 6, 7]",0.0,0.8458949730070813,0.3176049919371801,0.3366753137488606,14263,0.14370499193718012,0.32497531374886063,-0.0028,0.24339497300708124
"[1, 4, 6, 10]",0.0093,0.6103,0.1754,0.0384,0.8246,0.5252,"[1, 4, 6, 10]","[1, 4, 6, 10]",0.0001937108542648,0.7087880157551495,0.3054174468909408,0.3341512236068961,15487,0.1300174468909408,0.2957512236068961,-0.0091062891457352,0.09848801575514954
"[1, 4, 6, 11]",0.0467,0.6008,0.1776,0.0378,0.8224,0.5222,"[1, 4, 6, 11]","[1, 4, 6, 11]",0.0042314049586776,0.4734545454545454,0.3091570247933884,0.3356694214876033,15125,0.1315570247933884,0.2978694214876033,-0.0424685950413224,-0.1273454545454546
"[1, 4, 7, 7]",0.0038,0.5697,0.4358,0.018,0.8273,0.5395,"[1, 4, 7, 7]","[1, 4, 7, 7]",0.0,0.8162416350153735,0.4756737203834328,0.3326098752034725,5529,0.03987372038343279,0.3146098752034725,-0.0038,0.24654163501537352
"[1, 4, 7, 10]",0.0168,0.5704,0.1841,0.0834,0.8159,0.5134,"[1, 4, 7, 10]","[1, 4, 7, 10]",0.0005239717055279,0.6627587110296044,0.3134005763688761,0.3353418915378569,15268,0.12930057636887607,0.25194189153785684,-0.016276028294472097,0.09235871102960436
"[1, 4, 7, 11]",0.0532,0.5605,0.1818,0.0791,0.8182,0.5104,"[1, 4, 7, 11]","[1, 4, 7, 11]",0.0055033991583036,0.4341210747814827,0.3217222402071868,0.3360958238912269,15445,0.13992224020718683,0.2569958238912269,-0.0476966008416964,-0.1263789252185173
"[1, 4, 10, 10]",0.0244,0.5381,0.4843,0.2023,0.8261,0.4762,"[1, 4, 10, 10]","[1, 4, 10, 10]",0.001339584728734,0.5959477561955794,0.5324849296718017,0.3633623576691225,5972,0.04818492967180171,0.1610623576691225,-0.023060415271266,0.05784775619557936
"[1, 4, 10, 11]",0.0754,0.5326,0.1786,0.2069,0.8214,0.474,"[1, 4, 10, 11]","[1, 4, 10, 11]",0.0098775905950793,0.3698945582353654,0.3069930917464549,0.3608047509392801,16502,0.12839309174645488,0.1539047509392801,-0.0655224094049207,-0.16270544176463458
"[1, 4, 11, 11]",0.0997,0.5146,0.553,0.2074,0.8215,0.4716,"[1, 4, 11, 11]","[1, 4, 11, 11]",0.0129982668977469,0.3022530329289428,0.5670710571923744,0.3554592720970537,5770,0.014071057192374337,0.1480592720970537,-0.0867017331022531,-0.21234696707105716
"[1, 5, 5, 5]",0.0,0.4381,0.8481,0.0028,0.8365,0.5658,"[1, 5, 5, 5]","[1, 5, 5, 5]",0.0,0.977482088024565,0.849539406345957,0.3408393039918116,977,0.0014394063459570727,0.3380393039918116,0.0,0.539382088024565
"[1, 5, 5, 6]",0.0004,0.4321,0.357,0.0052,0.8239,0.5624,"[1, 5, 5, 6]","[1, 5, 5, 6]",0.0,0.9429418303075212,0.4444238606891441,0.3225268618006669,5398,0.0874238606891441,0.31732686180066694,-0.0004,0.5108418303075213
"[1, 5, 5, 7]",0.0023,0.4382,0.3566,0.0116,0.8222,0.5469,"[1, 5, 5, 7]","[1, 5, 5, 7]",0.0,0.8701948864652244,0.446093330949401,0.3382799928482031,5593,0.08949333094940104,0.3266799928482031,-0.0023,0.4319948864652244
"[1, 5, 5, 10]",0.0086,0.436,0.3599,0.0399,0.8118,0.5077,"[1, 5, 5, 10]","[1, 5, 5, 10]",0.0001685772083614,0.7297707349966285,0.4383007417397168,0.3250168577208361,5932,0.07840074173971678,0.2851168577208361,-0.0084314227916386,0.2937707349966285
"[1, 5, 5, 11]",0.0419,0.4319,0.3435,0.0401,0.8263,0.5172,"[1, 5, 5, 11]","[1, 5, 5, 11]",0.0033904051534158,0.4878793015765384,0.4356670622139346,0.33192066451941,5899,0.09216706221393456,0.29182066451941,-0.0385095948465842,0.05597930157653841
"[1, 5, 6, 6]",0.0003,0.4252,0.379,0.0072,0.8259,0.5488,"[1, 5, 6, 6]","[1, 5, 6, 6]",0.0,0.9289841565703636,0.4590866728797763,0.3366262814538676,5365,0.08008667287977628,0.3294262814538676,-0.0003,0.5037841565703636
"[1, 5, 6, 7]",0.0042,0.4243,0.181,0.021,0.819,0.5475,"[1, 5, 6, 7]","[1, 5, 6, 7]",0.0,0.8340929188490579,0.309910890415618,0.3413373239915652,14701,0.12891089041561798,0.32033732399156517,-0.0042,0.4097929188490579
"[1, 5, 6, 10]",0.0117,0.4126,0.1907,0.0872,0.8093,0.5072,"[1, 5, 6, 10]","[1, 5, 6, 10]",0.0001282462327669,0.7018916319333119,0.3050977877524847,0.3346585444052581,15595,0.11439778775248469,0.2474585444052581,-0.0115717537672331,0.2892916319333119
"[1, 5, 6, 11]",0.0474,0.4097,0.1845,0.0829,0.8155,0.5059,"[1, 5, 6, 11]","[1, 5, 6, 11]",0.0042027843446283,0.4702521670606777,0.3081166272655634,0.3355660625164171,15228,0.12361662726556338,0.2526660625164171,-0.0431972156553717,0.060552167060677675
"[1, 5, 7, 7]",0.0038,0.3863,0.4326,0.0249,0.8235,0.5384,"[1, 5, 7, 7]","[1, 5, 7, 7]",0.000175469380593,0.8082119670117565,0.478855939638533,0.3233900684330584,5699,0.04625593963853303,0.2984900684330584,-0.003624530619407,0.4219119670117565
"[1, 5, 7, 10]",0.0161,0.3798,0.178,0.1134,0.822,0.4938,"[1, 5, 7, 10]","[1, 5, 7, 10]",0.0009579155757072,0.6509994252506546,0.3099814802988697,0.3424228877961555,15659,0.1319814802988697,0.22902288779615548,-0.015142084424292799,0.27119942525065455
"[1, 5, 7, 11]",0.0599,0.3883,0.1818,0.1095,0.8182,0.4889,"[1, 5, 7, 11]","[1, 5, 7, 11]",0.0056105402508983,0.4202231608144739,0.3109752253672067,0.3481056546680955,15863,0.1291752253672067,0.23860565466809552,-0.0542894597491017,0.03192316081447394
"[1, 5, 10, 10]",0.0231,0.3674,0.4995,0.2689,0.8201,0.4589,"[1, 5, 10, 10]","[1, 5, 10, 10]",0.0008112932013629,0.6060360214181405,0.5232841148791173,0.391367840337498,6163,0.023784114879117302,0.12246784033749802,-0.0222887067986371,0.2386360214181405
"[1, 5, 10, 11]",0.0763,0.3535,0.1808,0.2753,0.8192,0.4656,"[1, 5, 10, 11]","[1, 5, 10, 11]",0.0097000179629962,0.3690796958265972,0.3117178612059158,0.3805760134123705,16701,0.13091786120591584,0.10527601341237053,-0.0665999820370038,0.01557969582659724
"[1, 5, 11, 11]",0.096,0.3414,0.5491,0.2735,0.8315,0.4599,"[1, 5, 11, 11]","[1, 5, 11, 11]",0.014073115496603,0.2898738272403753,0.5724684568100938,0.3785182788741507,6182,0.023368456810093807,0.10501827887415066,-0.081926884503397,-0.05152617275962468
"[1, 6, 6, 6]",0.0001,0.2933,0.8544,0.0176,0.8342,0.5504,"[1, 6, 6, 6]","[1, 6, 6, 6]",0.0,0.9222343921139102,0.8346111719605696,0.316538882803943,913,-0.019788828039430495,0.298938882803943,-0.0001,0.6289343921139102
"[1, 6, 6, 7]",0.0037,0.2942,0.4003,0.029,0.8246,0.5233,"[1, 6, 6, 7]","[1, 6, 6, 7]",0.0,0.8219401631912965,0.4650951949229374,0.3155031731640979,5515,0.0647951949229374,0.2865031731640979,-0.0037,0.5277401631912965
"[1, 6, 6, 10]",0.0121,0.291,0.3951,0.1126,0.8298,0.5089,"[1, 6, 6, 10]","[1, 6, 6, 10]",0.0004894762604013,0.6870615108500571,0.4627182248327622,0.3460597161037689,6129,0.0676182248327622,0.2334597161037689,-0.0116105237395987,0.3960615108500571
"[1, 6, 6, 11]",0.0521,0.2959,0.4087,0.1116,0.8211,0.5053,"[1, 6, 6, 11]","[1, 6, 6, 11]",0.006261328060636,0.4496622178283078,0.4700939199209095,0.3498105124402702,6069,0.06139391992090948,0.23821051244027022,-0.045838671939364,0.1537622178283078
"[1, 6, 7, 7]",0.0038,0.2826,0.4296,0.0449,0.8266,0.5128,"[1, 6, 7, 7]","[1, 6, 7, 7]",0.0001735207357279,0.7957660940482387,0.4860315807739024,0.3336803748047892,5763,0.05643158077390242,0.2887803748047892,-0.0036264792642721,0.5131660940482388
"[1, 6, 7, 10]",0.0191,0.28,0.1771,0.1385,0.8229,0.4886,"[1, 6, 7, 10]","[1, 6, 7, 10]",0.0009295408068414,0.6299807894899919,0.3024106091590754,0.3421949556918882,16137,0.1253106091590754,0.20369495569188817,-0.0181704591931586,0.3499807894899919
"[1, 6, 7, 11]",0.0605,0.2792,0.1835,0.1348,0.8165,0.4902,"[1, 6, 7, 11]","[1, 6, 7, 11]",0.0067316766278704,0.4106951871657754,0.3094683862849953,0.3470273670965712,15895,0.1259683862849953,0.21222736709657122,-0.0537683233721296,0.1314951871657754
"[1, 6, 10, 10]",0.0228,0.2615,0.4927,0.3601,0.8222,0.4562,"[1, 6, 10, 10]","[1, 6, 10, 10]",0.0021779713752333,0.583696328562539,0.5140012445550716,0.4161481020535159,6428,0.02130124455507154,0.0560481020535159,-0.0206220286247667,0.32219632856253894
"[1, 6, 10, 11]",0.0808,0.2683,0.1835,0.3409,0.8165,0.4597,"[1, 6, 10, 11]","[1, 6, 10, 11]",0.0114357596203327,0.3525644690948596,0.3119675224426783,0.4130024586883183,17489,0.12846752244267828,0.07210245868831833,-0.06936424037966729,0.08426446909485963
"[1, 6, 11, 11]",0.1014,0.2495,0.552,0.3502,0.8231,0.4577,"[1, 6, 11, 11]","[1, 6, 11, 11]",0.017865765330758,0.2852084339288588,0.564461612747465,0.4168678577176887,6213,0.012461612747464934,0.06666785771768868,-0.08353423466924201,0.03570843392885881
"[1, 7, 7, 7]",0.0032,0.2122,0.8524,0.0858,0.8395,0.5185,"[1, 7, 7, 7]","[1, 7, 7, 7]",0.0,0.7871287128712872,0.8564356435643564,0.3475247524752475,1010,0.004035643564356373,0.2617247524752475,-0.0032,0.5749287128712872
"[1, 7, 7, 10]",0.0201,0.2131,0.4704,0.21,0.8247,0.4792,"[1, 7, 7, 10]","[1, 7, 7, 10]",0.0010670731707317,0.614329268292683,0.5033536585365853,0.3571646341463415,6560,0.03295365853658533,0.14716463414634148,-0.0190329268292683,0.40122926829268296
"[1, 7, 7, 11]",0.065,0.2163,0.462,0.2098,0.8214,0.4814,"[1, 7, 7, 11]","[1, 7, 7, 11]",0.0083981337480559,0.3888024883359253,0.5013996889580093,0.3612752721617418,6430,0.03939968895800933,0.15147527216174184,-0.056601866251944105,0.1725024883359253
"[1, 7, 10, 10]",0.024,0.2118,0.4873,0.449,0.8267,0.4507,"[1, 7, 10, 10]","[1, 7, 10, 10]",0.0012360939431396,0.5888442521631644,0.5236402966625463,0.4672435105067985,6472,0.03634029666254629,0.01824351050679851,-0.0227639060568604,0.3770442521631644
"[1, 7, 10, 11]",0.0909,0.2017,0.1727,0.4509,0.8273,0.4488,"[1, 7, 10, 11]","[1, 7, 10, 11]",0.013587694983423,0.329854883417577,0.305668786347084,0.4652970270123376,18399,0.132968786347084,0.014397027012337582,-0.07731230501657699,0.12815488341757703
"[1, 7, 11, 11]",0.106,0.1905,0.5539,0.4542,0.8235,0.4437,"[1, 7, 11, 11]","[1, 7, 11, 11]",0.0173333333333333,0.2965925925925926,0.5644444444444444,0.4565925925925926,6750,0.010544444444444467,0.002392592592592613,-0.0886666666666667,0.10609259259259257
"[1, 10, 10, 10]",0.0242,0.1633,0.864,1.0,0.8324,0.4093,"[1, 10, 10, 10]","[1, 10, 10, 10]",0.0044722719141323,0.6144901610017889,0.8398926654740608,0.6493738819320215,1118,-0.02410733452593916,-0.3506261180679785,-0.0197277280858677,0.4511901610017889
"[1, 10, 10, 11]",0.0938,0.1715,0.5154,1.0,0.8254,0.4122,"[1, 10, 10, 11]","[1, 10, 10, 11]",0.0139453019225561,0.3303547251556999,0.549553208773355,0.6475764960736529,7386,0.03415320877335504,-0.35242350392634714,-0.0798546980774439,0.1588547251556999
"[1, 10, 11, 11]",0.1003,0.1646,0.5536,1.0,0.8277,0.4157,"[1, 10, 11, 11]","[1, 10, 11, 11]",0.0182222840450688,0.2843232716650438,0.5710112672137989,0.6397273612463485,7189,0.01741126721379893,-0.36027263875365145,-0.0820777159549312,0.11972327166504379
"[1, 11, 11, 11]",0.1029,0.1582,0.8608,1.0,0.8281,0.4155,"[1, 11, 11, 11]","[1, 11, 11, 11]",0.0203180212014134,0.2879858657243816,0.8604240282685512,0.6386925795053003,1132,-0.0003759717314487654,-0.36130742049469966,-0.08258197879858661,0.1297858657243816
"[12, 12, 12, 12]",1.0,0.0,1.0,0.8273,0.7886,0.338,"[12, 12, 12, 12]","[12, 12, 12, 12]",1.0,0.0,1.0,0.99211518683579,2917,0.0,0.16481518683579,0.0,0.0
"[4, 4, 4, 4]",0.0,0.1023,0.9076,0.0014,0.8644,0.5884,"[4, 4, 4, 4]","[4, 4, 4, 4]",0.0,1.0,0.9615384615384616,0.3076923076923077,26,0.0539384615384616,0.3062923076923077,0.0,0.8976999999999999
"[4, 4, 4, 5]",0.0,0.1042,0.8415,0.0055,0.8503,0.5744,"[4, 4, 4, 5]","[4, 4, 4, 5]",0.0,0.9886621315192744,0.8321995464852607,0.2902494331065759,441,-0.009300453514739293,0.2847494331065759,0.0,0.8844621315192744
"[4, 4, 4, 6]",0.0003,0.1025,0.8398,0.0131,0.8497,0.5706,"[4, 4, 4, 6]","[4, 4, 4, 6]",0.0,0.9516129032258064,0.8271889400921659,0.3271889400921659,434,-0.012611059907834066,0.3140889400921659,-0.0003,0.8491129032258063
"[4, 4, 4, 7]",0.0009,0.1029,0.841,0.0239,0.8561,0.5633,"[4, 4, 4, 7]","[4, 4, 4, 7]",0.0,0.872651356993737,0.824634655532359,0.3569937369519833,479,-0.01636534446764093,0.3330937369519833,-0.0009,0.769751356993737
"[4, 4, 4, 10]",0.0074,0.1119,0.8419,0.0834,0.8418,0.5283,"[4, 4, 4, 10]","[4, 4, 4, 10]",0.0022026431718061,0.775330396475771,0.8237885462555066,0.3524229074889868,454,-0.01811145374449341,0.26902290748898683,-0.005197356828193901,0.663430396475771
"[4, 4, 4, 11]",0.0364,0.1043,0.8359,0.0894,0.8538,0.5254,"[4, 4, 4, 11]","[4, 4, 4, 11]",0.0019342359767891,0.4990328820116054,0.8375241779497099,0.3384912959381044,517,0.0016241779497099262,0.24909129593810442,-0.0344657640232109,0.3947328820116054
"[4, 4, 5, 5]",0.0,0.1045,0.9152,0.0099,0.8412,0.559,"[4, 4, 5, 5]","[4, 4, 5, 5]",0.0,0.975103734439834,0.9201244813278008,0.3350622406639004,964,0.004924481327800767,0.32516224066390037,0.0,0.870603734439834
"[4, 4, 5, 6]",0.0003,0.0992,0.3232,0.025,0.8432,0.556,"[4, 4, 5, 6]","[4, 4, 5, 6]",0.0,0.9402756508422664,0.4307044410413476,0.3254211332312404,2612,0.1075044410413476,0.30042113323124037,-0.0003,0.8410756508422664
"[4, 4, 5, 7]",0.0012,0.1027,0.3205,0.0306,0.8387,0.5552,"[4, 4, 5, 7]","[4, 4, 5, 7]",0.0,0.861666038447041,0.4153788164342254,0.3335846211835658,2653,0.09487881643422541,0.3029846211835658,-0.0012,0.758966038447041
"[4, 4, 5, 10]",0.0092,0.1034,0.3177,0.1143,0.8445,0.5192,"[4, 4, 5, 10]","[4, 4, 5, 10]",0.0003448275862068,0.7382758620689656,0.443448275862069,0.3441379310344827,2900,0.125748275862069,0.2298379310344827,-0.008855172413793199,0.6348758620689655
"[4, 4, 5, 11]",0.0403,0.1033,0.3176,0.1192,0.8438,0.5167,"[4, 4, 5, 11]","[4, 4, 5, 11]",0.0020554984583761,0.5001712915381981,0.4193216855087359,0.3367591640972936,2919,0.10172168550873589,0.21755916409729362,-0.038244501541623906,0.39687129153819806
"[4, 4, 6, 6]",0.0004,0.1055,0.9196,0.0287,0.8413,0.5497,"[4, 4, 6, 6]","[4, 4, 6, 6]",0.0,0.9044715447154472,0.9258130081300812,0.3404471544715447,984,0.006213008130081188,0.3117471544715447,-0.0004,0.7989715447154472
"[4, 4, 6, 7]",0.0027,0.1083,0.3146,0.0393,0.8408,0.5508,"[4, 4, 6, 7]","[4, 4, 6, 7]",0.0,0.846909090909091,0.4367272727272727,0.3261818181818182,2750,0.1221272727272727,0.2868818181818182,-0.0027,0.738609090909091
"[4, 4, 6, 10]",0.0113,0.1049,0.3134,0.1427,0.845,0.5173,"[4, 4, 6, 10]","[4, 4, 6, 10]",0.0006954102920723,0.696105702364395,0.4353268428372739,0.3664812239221141,2876,0.1219268428372739,0.22378122392211408,-0.0106045897079277,0.591205702364395
"[4, 4, 6, 11]",0.0473,0.0985,0.3131,0.1423,0.841,0.5102,"[4, 4, 6, 11]","[4, 4, 6, 11]",0.003133704735376,0.4491643454038997,0.4300139275766017,0.3579387186629526,2872,0.11691392757660168,0.21563871866295262,-0.044166295264624005,0.3506643454038997
"[4, 4, 7, 7]",0.0046,0.0987,0.931,0.1,0.8449,0.5285,"[4, 4, 7, 7]","[4, 4, 7, 7]",0.0,0.8044103547459253,0.922339405560882,0.3202301054650048,1043,-0.008660594439118041,0.2202301054650048,-0.0046,0.7057103547459253
"[4, 4, 7, 10]",0.0168,0.0973,0.3101,0.183,0.8419,0.5067,"[4, 4, 7, 10]","[4, 4, 7, 10]",0.0020408163265306,0.6591836734693878,0.436734693877551,0.3619047619047619,2940,0.126634693877551,0.1789047619047619,-0.014759183673469399,0.5618836734693877
"[4, 4, 7, 11]",0.0546,0.0994,0.3217,0.1899,0.8391,0.5006,"[4, 4, 7, 11]","[4, 4, 7, 11]",0.0072739868375476,0.4121925874610322,0.4354000692760651,0.3560789747142362,2887,0.11370006927606513,0.1661789747142362,-0.0473260131624524,0.3127925874610322
"[4, 4, 10, 10]",0.0253,0.1006,0.9371,0.4583,0.841,0.4642,"[4, 4, 10, 10]","[4, 4, 10, 10]",0.0017513134851138,0.5849387040280211,0.9334500875656744,0.446584938704028,1142,-0.003649912434325664,-0.011715061295971996,-0.0235486865148862,0.48433870402802104
"[4, 4, 10, 11]",0.0778,0.0994,0.324,0.465,0.8383,0.4588,"[4, 4, 10, 11]","[4, 4, 10, 11]",0.010305958132045,0.3745571658615136,0.4402576489533011,0.4740740740740741,3105,0.1162576489533011,0.009074074074074068,-0.06749404186795499,0.2751571658615136
"[4, 4, 11, 11]",0.1002,0.1007,0.9468,0.45,0.8493,0.4741,"[4, 4, 11, 11]","[4, 4, 11, 11]",0.0183887915936952,0.276707530647986,0.9378283712784588,0.4448336252189142,1142,-0.008971628721541225,-0.005166374781085836,-0.08181120840630479,0.17600753064798597
"[4, 5, 5, 5]",0.0,0.0932,0.8391,0.0218,0.8491,0.5578,"[4, 5, 5, 5]","[4, 5, 5, 5]",0.0,0.9790794979079498,0.8263598326359832,0.3577405857740586,478,-0.01274016736401673,0.3359405857740586,0.0,0.8858794979079498
"[4, 5, 5, 6]",0.0003,0.09,0.3457,0.0301,0.837,0.5424,"[4, 5, 5, 6]","[4, 5, 5, 6]",0.0,0.9328136599851522,0.437268002969562,0.3466963622865627,2694,0.09156800296956197,0.3165963622865627,-0.0003,0.8428136599851522
"[4, 5, 5, 7]",0.0019,0.0951,0.3529,0.0393,0.8335,0.5344,"[4, 5, 5, 7]","[4, 5, 5, 7]",0.0,0.8618155090040426,0.4281514149209849,0.3285556780595369,2721,0.07525141492098492,0.2892556780595369,-0.0019,0.7667155090040426
"[4, 5, 5, 10]",0.0101,0.0962,0.3431,0.1384,0.8341,0.5091,"[4, 5, 5, 10]","[4, 5, 5, 10]",0.0,0.7231075697211156,0.4316069057104914,0.3691899070385126,3012,0.08850690571049136,0.23078990703851263,-0.0101,0.6269075697211156
"[4, 5, 5, 11]",0.0437,0.0911,0.3411,0.144,0.8356,0.4992,"[4, 5, 5, 11]","[4, 5, 5, 11]",0.0048968170689052,0.4774396642182581,0.4487583071003847,0.3637635536901014,2859,0.10765830710038471,0.2197635536901014,-0.038803182931094804,0.3863396642182581
"[4, 5, 6, 6]",0.0009,0.0919,0.3739,0.0414,0.8362,0.5401,"[4, 5, 6, 6]","[4, 5, 6, 6]",0.0,0.9290474323794592,0.4421795374362995,0.3257546060368483,2551,0.0682795374362995,0.2843546060368483,-0.0009,0.8371474323794592
"[4, 5, 6, 7]",0.0024,0.0908,0.1621,0.095,0.8379,0.537,"[4, 5, 6, 7]","[4, 5, 6, 7]",0.0,0.8288300835654596,0.3137883008356546,0.3249303621169916,7180,0.15168830083565463,0.2299303621169916,-0.0024,0.7380300835654596
"[4, 5, 6, 10]",0.0124,0.0871,0.166,0.2014,0.834,0.4998,"[4, 5, 6, 10]","[4, 5, 6, 10]",0.000265886732252,0.6956926349375167,0.3081627226801383,0.3548258441903749,7522,0.14216272268013827,0.1534258441903749,-0.012134113267748,0.6085926349375167
"[4, 5, 6, 11]",0.0472,0.0931,0.1615,0.208,0.8385,0.5033,"[4, 5, 6, 11]","[4, 5, 6, 11]",0.0047133757961783,0.4615286624203821,0.3133757961783439,0.3582165605095541,7850,0.15187579617834387,0.1502165605095541,-0.042486624203821696,0.3684286624203821
"[4, 5, 7, 7]",0.0042,0.0853,0.4233,0.12,0.8426,0.5284,"[4, 5, 7, 7]","[4, 5, 7, 7]",0.0003683241252302,0.8095764272559852,0.467403314917127,0.3370165745856354,2715,0.04410331491712699,0.2170165745856354,-0.0038316758747697997,0.7242764272559852
"[4, 5, 7, 10]",0.0174,0.0789,0.1577,0.2744,0.8423,0.494,"[4, 5, 7, 10]","[4, 5, 7, 10]",0.000528680941052,0.6484271742003701,0.3123182659265133,0.3799894263811789,7566,0.1546182659265133,0.10558942638117891,-0.016871319058948,0.5695271742003701
"[4, 5, 7, 11]",0.0608,0.0804,0.1653,0.2705,0.8347,0.4846,"[4, 5, 7, 11]","[4, 5, 7, 11]",0.0073829927488464,0.4201713909030982,0.3088991430454845,0.3832564271588662,7585,0.1435991430454845,0.11275642715886619,-0.0534170072511536,0.33977139090309816
"[4, 5, 10, 10]",0.0253,0.0751,0.4829,0.51,0.8387,0.447,"[4, 5, 10, 10]","[4, 5, 10, 10]",0.0009541984732824,0.5909669211195929,0.5111323155216285,0.4974554707379134,3144,0.028232315521628526,-0.012544529262086601,-0.0243458015267176,0.515866921119593
"[4, 5, 10, 11]",0.0811,0.0763,0.1645,0.4965,0.8355,0.4619,"[4, 5, 10, 11]","[4, 5, 10, 11]",0.0091280326687484,0.3625990871967331,0.3062695171751141,0.4948354552005765,8326,0.14176951717511407,-0.0016645447994235174,-0.07197196733125161,0.28629908719673314
"[4, 5, 11, 11]",0.1079,0.0743,0.541,0.5065,0.8386,0.4529,"[4, 5, 11, 11]","[4, 5, 11, 11]",0.0189604445897352,0.2965021248774109,0.5684864334749918,0.5086629617522066,3059,0.0274864334749918,0.002162961752206649,-0.0889395554102648,0.2222021248774109
"[4, 6, 6, 6]",0.0003,0.0644,0.8444,0.0919,0.8571,0.5351,"[4, 6, 6, 6]","[4, 6, 6, 6]",0.0,0.93598233995585,0.8145695364238411,0.3311258278145695,453,-0.029830463576158928,0.23922582781456952,-0.0003,0.87158233995585
"[4, 6, 6, 7]",0.0038,0.0599,0.39,0.1179,0.8372,0.5248,"[4, 6, 6, 7]","[4, 6, 6, 7]",0.0,0.8196841718692618,0.4733749540947484,0.3419023136246786,2723,0.08337495409474838,0.2240023136246786,-0.0038,0.7597841718692618
"[4, 6, 6, 10]",0.0151,0.0664,0.3977,0.283,0.8407,0.4875,"[4, 6, 6, 10]","[4, 6, 6, 10]",0.0003419972640218,0.6761285909712722,0.4740082079343365,0.377906976744186,2924,0.07630820793433651,0.09490697674418602,-0.014758002735978201,0.6097285909712722
"[4, 6, 6, 11]",0.0499,0.0645,0.3922,0.2853,0.8369,0.4947,"[4, 6, 6, 11]","[4, 6, 6, 11]",0.0050744248985115,0.4587280108254398,0.4492557510148849,0.3731393775372124,2956,0.057055751014884915,0.08783937753721238,-0.0448255751014885,0.3942280108254398
"[4, 6, 7, 7]",0.0047,0.0644,0.4291,0.1389,0.8401,0.5166,"[4, 6, 7, 7]","[4, 6, 7, 7]",0.0,0.802962962962963,0.4862962962962963,0.3437037037037037,2700,0.0571962962962963,0.20480370370370368,-0.0047,0.738562962962963
"[4, 6, 7, 10]",0.0211,0.0617,0.1624,0.3575,0.8376,0.4802,"[4, 6, 7, 10]","[4, 6, 7, 10]",0.0005029548598013,0.6152395322519804,0.3157299132402867,0.4170753174902552,7953,0.15332991324028672,0.05957531749025524,-0.0205970451401987,0.5535395322519804
"[4, 6, 7, 11]",0.0677,0.0597,0.1676,0.372,0.8324,0.4694,"[4, 6, 7, 11]","[4, 6, 7, 11]",0.0064638783269961,0.4237008871989861,0.3198986058301648,0.411787072243346,7890,0.15229860583016477,0.03978707224334599,-0.06123612167300389,0.36400088719898605
"[4, 6, 10, 10]",0.0235,0.0578,0.484,0.5542,0.8423,0.4458,"[4, 6, 10, 10]","[4, 6, 10, 10]",0.0015777847901546,0.585673714105396,0.5197223098769328,0.5260334490375512,3169,0.03572230987693281,-0.0281665509624488,-0.0219222152098454,0.5278737141053961
"[4, 6, 10, 11]",0.0838,0.0561,0.1646,0.556,0.8354,0.444,"[4, 6, 10, 11]","[4, 6, 10, 11]",0.0107451530016351,0.3432609203457136,0.3165148329829479,0.5280308339173091,8562,0.15191483298294792,-0.027969166082690955,-0.0730548469983649,0.2871609203457136
"[4, 6, 11, 11]",0.0974,0.0575,0.5324,0.5423,0.8402,0.4577,"[4, 6, 11, 11]","[4, 6, 11, 11]",0.0168414362885287,0.2878932316491897,0.5455989831585637,0.5243088655862727,3147,0.013198983158563715,-0.01799113441372735,-0.0805585637114713,0.23039323164918968
"[4, 7, 7, 7]",0.0044,0.0506,0.8495,0.1922,0.8524,0.5061,"[4, 7, 7, 7]","[4, 7, 7, 7]",0.0,0.8365384615384616,0.8673076923076923,0.3596153846153846,520,0.017807692307692302,0.1674153846153846,-0.0044,0.7859384615384616
"[4, 7, 7, 10]",0.0214,0.0499,0.4403,0.4395,0.8416,0.4805,"[4, 7, 7, 10]","[4, 7, 7, 10]",0.0006563833278634,0.6130620282244831,0.5070561207745323,0.4660321627830653,3047,0.0667561207745323,0.026532162783065305,-0.0207436166721366,0.5631620282244831
"[4, 7, 7, 11]",0.065,0.0479,0.4503,0.4454,0.8384,0.4685,"[4, 7, 7, 11]","[4, 7, 7, 11]",0.0067545834673528,0.3914441942746864,0.5017690575747829,0.4509488581537472,3109,0.05146905757478287,0.0055488581537471715,-0.0582454165326472,0.3435441942746864
"[4, 7, 10, 10]",0.0265,0.049,0.4813,1.0,0.8383,0.4375,"[4, 7, 10, 10]","[4, 7, 10, 10]",0.0012146978439113,0.5873064075311266,0.5204980261160036,0.6210142726996659,3293,0.03919802611600359,-0.3789857273003341,-0.0252853021560887,0.5383064075311266
"[4, 7, 10, 11]",0.089,0.0498,0.1624,1.0,0.8376,0.4406,"[4, 7, 10, 11]","[4, 7, 10, 11]",0.013852318259874,0.336462507155123,0.3170005724098454,0.60870062965083,8735,0.15460057240984543,-0.39129937034916995,-0.075147681740126,0.286662507155123
"[4, 7, 11, 11]",0.1003,0.0472,0.5373,1.0,0.8452,0.4422,"[4, 7, 11, 11]","[4, 7, 11, 11]",0.0210163111668757,0.2870138017565872,0.553952321204517,0.60633626097867,3188,0.016652321204516984,-0.39366373902133,-0.0792836888331243,0.2398138017565872
"[4, 10, 10, 10]",0.0219,0.0458,0.857,0.6642,0.8462,0.4116,"[4, 10, 10, 10]","[4, 10, 10, 10]",0.0,0.6222222222222222,0.8481481481481481,0.7907407407407407,540,-0.008851851851851888,0.12654074074074073,-0.0219,0.5764222222222223
"[4, 10, 10, 11]",0.0946,0.0369,0.5133,0.6801,0.8351,0.3937,"[4, 10, 10, 11]","[4, 10, 10, 11]",0.014500537056928,0.3109559613319012,0.543233082706767,0.7935016111707841,3724,0.029933082706766978,0.11340161117078407,-0.080099462943072,0.2740559613319012
"[4, 10, 11, 11]",0.0997,0.0441,0.5384,0.6708,0.8391,0.4048,"[4, 10, 11, 11]","[4, 10, 11, 11]",0.0163480188417844,0.2934330839567747,0.5827098919368247,0.8215572180659463,3609,0.044309891936824664,0.15075721806594633,-0.0833519811582156,0.2493330839567747
"[4, 11, 11, 11]",0.1009,0.0381,0.8636,0.6635,0.8474,0.4124,"[4, 11, 11, 11]","[4, 11, 11, 11]",0.0178926441351888,0.268389662027833,0.8628230616302187,0.8071570576540755,503,-0.0007769383697813215,0.14365705765407555,-0.0830073558648112,0.230289662027833
"[5, 5, 5, 5]",0.0,0.0237,0.903,0.0286,0.8643,0.536,"[5, 5, 5, 5]","[5, 5, 5, 5]",0.0,0.95,0.9,0.2,40,-0.0030000000000000027,0.1714,0.0,0.9262999999999999
"[5, 5, 5, 6]",0.0002,0.0255,0.8427,0.041,0.8462,0.5468,"[5, 5, 5, 6]","[5, 5, 5, 6]",0.0,0.9356223175965666,0.8497854077253219,0.3261802575107296,466,0.007085407725321846,0.2851802575107296,-0.0002,0.9101223175965666
"[5, 5, 5, 7]",0.0019,0.0263,0.8508,0.092,0.8522,0.5302,"[5, 5, 5, 7]","[5, 5, 5, 7]",0.0,0.8365591397849462,0.8172043010752689,0.3118279569892473,465,-0.03359569892473113,0.21982795698924731,-0.0019,0.8102591397849462
"[5, 5, 5, 10]",0.0105,0.0219,0.851,0.2258,0.8496,0.4916,"[5, 5, 5, 10]","[5, 5, 5, 10]",0.0,0.6967871485943775,0.8433734939759037,0.3534136546184739,498,-0.007626506024096313,0.1276136546184739,-0.0105,0.6748871485943775
"[5, 5, 5, 11]",0.0415,0.0217,0.846,0.2259,0.8519,0.4908,"[5, 5, 5, 11]","[5, 5, 5, 11]",0.0018248175182481,0.4927007299270073,0.8467153284671532,0.3576642335766423,548,0.0007153284671532756,0.1317642335766423,-0.039675182481751906,0.4710007299270073
"[5, 5, 6, 6]",0.0005,0.0241,0.9213,0.095,0.842,0.5412,"[5, 5, 6, 6]","[5, 5, 6, 6]",0.0,0.9119617224880384,0.9253588516746412,0.3397129186602871,1045,0.004058851674641151,0.24471291866028708,-0.0005,0.8878617224880384
"[5, 5, 6, 7]",0.0024,0.0256,0.3666,0.1115,0.8426,0.5317,"[5, 5, 6, 7]","[5, 5, 6, 7]",0.0,0.8287272727272728,0.4494545454545454,0.3385454545454545,2750,0.0828545454545454,0.2270454545454545,-0.0024,0.8031272727272728
"[5, 5, 6, 10]",0.0148,0.0236,0.3606,0.2655,0.8378,0.4879,"[5, 5, 6, 10]","[5, 5, 6, 10]",0.0,0.6825833047062865,0.4599793885262796,0.3833734111989007,2911,0.09937938852627964,0.11787341119890071,-0.0148,0.6589833047062865
"[5, 5, 6, 11]",0.0493,0.0245,0.3611,0.2682,0.8419,0.4926,"[5, 5, 6, 11]","[5, 5, 6, 11]",0.0045790771398379,0.4832687566044382,0.4512152166255724,0.3709052483268756,2839,0.09011521662557243,0.10270524832687561,-0.0447209228601621,0.45876875660443817
"[5, 5, 7, 7]",0.0045,0.0233,0.9285,0.1453,0.8436,0.5104,"[5, 5, 7, 7]","[5, 5, 7, 7]",0.0,0.8067961165048544,0.933980582524272,0.3563106796116504,1030,0.005480582524271971,0.2110106796116504,-0.0045,0.7834961165048544
"[5, 5, 7, 10]",0.0169,0.0238,0.3609,0.3566,0.8446,0.4857,"[5, 5, 7, 10]","[5, 5, 7, 10]",0.0010305736860185,0.6327722432153899,0.4376502919958777,0.3964273445551357,2911,0.07675029199587768,0.0398273445551357,-0.0158694263139815,0.6089722432153899
"[5, 5, 7, 11]",0.0617,0.0246,0.3668,0.36,0.844,0.479,"[5, 5, 7, 11]","[5, 5, 7, 11]",0.0041011619958988,0.4265208475734791,0.4514695830485304,0.3998632946001367,2926,0.0846695830485304,0.03986329460013671,-0.0575988380041012,0.40192084757347907
"[5, 5, 10, 10]",0.0249,0.0239,0.9396,0.5578,0.8498,0.4422,"[5, 5, 10, 10]","[5, 5, 10, 10]",0.0,0.6050632911392405,0.938396624472574,0.5172995780590718,1185,-0.0012033755274259983,-0.04050042194092818,-0.0249,0.5811632911392405
"[5, 5, 10, 11]",0.0826,0.0222,0.358,0.5508,0.845,0.4492,"[5, 5, 10, 11]","[5, 5, 10, 11]",0.0097946287519747,0.3541864139020537,0.4562401263823065,0.5292259083728278,3165,0.0982401263823065,-0.021574091627172165,-0.0728053712480253,0.3319864139020537
"[5, 5, 11, 11]",0.1013,0.0226,0.9458,0.5538,0.8507,0.4462,"[5, 5, 11, 11]","[5, 5, 11, 11]",0.0142222222222222,0.2755555555555555,0.9493333333333334,0.5466666666666666,1125,0.0035333333333333883,-0.007133333333333325,-0.0870777777777778,0.2529555555555555
"[5, 6, 6, 6]",0.0003,0.0222,0.8479,0.1176,0.8521,0.5321,"[5, 6, 6, 6]","[5, 6, 6, 6]",0.0,0.9339622641509434,0.8702830188679245,0.3561320754716981,424,0.022383018867924487,0.23853207547169814,-0.0003,0.9117622641509434
"[5, 6, 6, 7]",0.0041,0.0201,0.4014,0.136,0.8348,0.5166,"[5, 6, 6, 7]","[5, 6, 6, 7]",0.0,0.8196363636363636,0.4589090909090909,0.3414545454545454,2750,0.0575090909090909,0.2054545454545454,-0.0041,0.7995363636363636
"[5, 6, 6, 10]",0.0134,0.0228,0.3847,0.334,0.8467,0.4951,"[5, 6, 6, 10]","[5, 6, 6, 10]",0.0003492839678658,0.6831994411456515,0.4624519734544184,0.4083129584352078,2863,0.07775197345441842,0.0743129584352078,-0.0130507160321342,0.6603994411456514
"[5, 6, 6, 11]",0.0522,0.0234,0.3909,0.3393,0.841,0.4823,"[5, 6, 6, 11]","[5, 6, 6, 11]",0.0052337752965806,0.4515003489183531,0.479413817166783,0.4169574319609211,2866,0.08851381716678297,0.07765743196092112,-0.04696622470341941,0.42810034891835314
"[5, 6, 7, 7]",0.0046,0.0197,0.4192,0.2135,0.8422,0.5065,"[5, 6, 7, 7]","[5, 6, 7, 7]",0.000377786173026,0.8027956176803929,0.4794106535700793,0.3634302984510767,2647,0.060210653570079264,0.14993029845107672,-0.0042222138269739995,0.7830956176803928
"[5, 6, 7, 10]",0.0202,0.0217,0.1642,0.4454,0.8358,0.4784,"[5, 6, 7, 10]","[5, 6, 7, 10]",0.0009015971148892,0.6218444100978877,0.3146573930963421,0.448737764039155,7764,0.1504573930963421,0.003337764039154978,-0.0192984028851108,0.6001444100978877
"[5, 6, 7, 11]",0.0655,0.0193,0.1632,0.4433,0.8368,0.4767,"[5, 6, 7, 11]","[5, 6, 7, 11]",0.0064499810294675,0.4150752497786771,0.3127608448210446,0.4471986847097508,7907,0.1495608448210446,0.0038986847097507993,-0.059050018970532504,0.3957752497786771
"[5, 6, 10, 10]",0.0241,0.0191,0.4785,1.0,0.8381,0.4389,"[5, 6, 10, 10]","[5, 6, 10, 10]",0.0009457755359394,0.5923707440100883,0.5198612862547288,0.6109709962168979,3172,0.041361286254728846,-0.3890290037831021,-0.0231542244640606,0.5732707440100883
"[5, 6, 10, 11]",0.0845,0.0178,0.1699,1.0,0.8301,0.437,"[5, 6, 10, 11]","[5, 6, 10, 11]",0.0108039033457249,0.3487453531598513,0.316682156133829,0.6024628252788105,8608,0.146782156133829,-0.39753717472118955,-0.07369609665427511,0.3309453531598513
"[5, 6, 11, 11]",0.0998,0.0169,0.5317,1.0,0.838,0.4391,"[5, 6, 11, 11]","[5, 6, 11, 11]",0.0184831102613129,0.2982791586998088,0.532823454429573,0.5860420650095602,3138,0.0011234544295730675,-0.41395793499043976,-0.0813168897386871,0.2813791586998088
"[5, 7, 7, 7]",0.0033,0.0147,0.8526,0.2826,0.8476,0.4966,"[5, 7, 7, 7]","[5, 7, 7, 7]",0.0,0.8153241650294696,0.8447937131630648,0.3791748526522593,509,-0.0078062868369351834,0.09657485265225929,-0.0033,0.8006241650294695
"[5, 7, 7, 10]",0.0246,0.0108,0.445,0.4863,0.844,0.4611,"[5, 7, 7, 10]","[5, 7, 7, 10]",0.0003249918752031,0.6106597335066624,0.5238869028274293,0.5105622359441014,3077,0.07888690282742933,0.02426223594410143,-0.0242750081247969,0.5998597335066623
"[5, 7, 7, 11]",0.0651,0.0133,0.4458,0.4852,0.8399,0.4629,"[5, 7, 7, 11]","[5, 7, 7, 11]",0.0079417604235605,0.3980807412309728,0.5046326935804103,0.4920582395764394,3022,0.05883269358041032,0.006858239576439384,-0.05715823957643951,0.38478074123097283
"[5, 7, 10, 10]",0.0239,0.0121,0.486,0.8318,0.8395,0.4308,"[5, 7, 10, 10]","[5, 7, 10, 10]",0.0009006304413089,0.5824076853797658,0.5193635544881418,0.6940858601020714,3331,0.03336355448814177,-0.13771413989792858,-0.022999369558691102,0.5703076853797658
"[5, 7, 10, 11]",0.0887,0.0139,0.1747,0.8323,0.8253,0.4225,"[5, 7, 10, 11]","[5, 7, 10, 11]",0.0141643059490084,0.3291784702549575,0.3168271954674221,0.7084419263456091,8825,0.1421271954674221,-0.12385807365439094,-0.0745356940509916,0.3152784702549575
"[5, 7, 11, 11]",0.1036,0.0121,0.5451,0.8299,0.8366,0.4293,"[5, 7, 11, 11]","[5, 7, 11, 11]",0.0172466892516168,0.2861102556205728,0.5426547582383738,0.704650446566061,3247,-0.0024452417616261934,-0.12524955343393895,-0.0863533107483832,0.2740102556205728
"[5, 10, 10, 10]",0.0237,0.0098,0.8543,0.7175,0.8484,0.391,"[5, 10, 10, 10]","[5, 10, 10, 10]",0.001763668430335,0.5696649029982364,0.873015873015873,0.8677248677248677,567,0.018715873015873075,0.15022486772486765,-0.021936331569665,0.5598649029982363
"[5, 10, 10, 11]",0.0913,0.0114,0.5006,0.714,0.8393,0.3986,"[5, 10, 10, 11]","[5, 10, 10, 11]",0.0149863760217983,0.2997275204359673,0.5422343324250681,0.8591280653950953,3670,0.04163433242506809,0.14512806539509537,-0.07631362397820171,0.28832752043596727
"[5, 10, 11, 11]",0.0989,0.0097,0.5357,0.7171,0.8413,0.3958,"[5, 10, 11, 11]","[5, 10, 11, 11]",0.0200659703133589,0.2825728422210005,0.576690489279824,0.8556899395272127,3638,0.04099048927982407,0.13858993952721277,-0.0788340296866411,0.2728728422210005
"[5, 11, 11, 11]",0.0965,0.0075,0.8637,0.7183,0.8484,0.3909,"[5, 11, 11, 11]","[5, 11, 11, 11]",0.0139130434782608,0.3026086956521739,0.8608695652173913,0.8626086956521739,575,-0.002830434782608693,0.14430869565217386,-0.0825869565217392,0.2951086956521739
"[6, 6, 6, 6]",0.0005,0.0048,0.9152,0.1339,0.8695,0.524,"[6, 6, 6, 6]","[6, 6, 6, 6]",0.0,0.8809523809523809,0.9285714285714286,0.4285714285714285,42,0.01337142857142859,0.2946714285714285,-0.0005,0.8761523809523809
"[6, 6, 6, 7]",0.0032,0.0048,0.845,0.2107,0.8477,0.5132,"[6, 6, 6, 7]","[6, 6, 6, 7]",0.0,0.8535031847133758,0.8641188959660298,0.3503184713375796,471,0.01911889596602978,0.1396184713375796,-0.0032,0.8487031847133758
"[6, 6, 6, 10]",0.0126,0.0039,0.8484,0.4463,0.8509,0.4795,"[6, 6, 6, 10]","[6, 6, 6, 10]",0.0018484288354898,0.6876155268022182,0.8410351201478743,0.4473197781885397,541,-0.00736487985212575,0.0010197781885397106,-0.0107515711645102,0.6837155268022181
"[6, 6, 6, 11]",0.054,0.0046,0.8507,0.4413,0.8546,0.4803,"[6, 6, 6, 11]","[6, 6, 6, 11]",0.003454231433506,0.4231433506044905,0.8290155440414507,0.4317789291882556,579,-0.021684455958549287,-0.009521070811744414,-0.050545768566494,0.4185433506044905
"[6, 6, 7, 7]",0.003,0.0038,0.9278,0.2961,0.8461,0.5043,"[6, 6, 7, 7]","[6, 6, 7, 7]",0.0,0.7815049864007253,0.9220308250226654,0.3925657298277425,1103,-0.005769174977334535,0.09646572982774254,-0.003,0.7777049864007253
"[6, 6, 7, 10]",0.0245,0.0033,0.4246,0.4895,0.8361,0.4695,"[6, 6, 7, 10]","[6, 6, 7, 10]",0.0006512536633018,0.6095734288505373,0.470530771735591,0.4802995766851188,3071,0.045930771735591014,-0.00920042331488119,-0.0238487463366982,0.6062734288505374
"[6, 6, 7, 11]",0.0671,0.0044,0.4158,0.4968,0.8366,0.4635,"[6, 6, 7, 11]","[6, 6, 7, 11]",0.0070694087403598,0.3933161953727506,0.4926092544987147,0.487146529562982,3112,0.07680925449871467,-0.00965347043701803,-0.060030591259640206,0.3889161953727506
"[6, 6, 10, 10]",0.0234,0.0032,0.9396,0.8299,0.8443,0.4344,"[6, 6, 10, 10]","[6, 6, 10, 10]",0.0007710100231303,0.5944487278334618,0.930609097918273,0.700077101002313,1297,-0.008990902081727037,-0.12982289899768695,-0.022628989976869702,0.5912487278334618
"[6, 6, 10, 11]",0.0813,0.0033,0.4208,0.833,0.8387,0.4287,"[6, 6, 10, 11]","[6, 6, 10, 11]",0.0140441387216967,0.3321868730295214,0.4737747205503009,0.7179707652622528,3489,0.05297472055030089,-0.11502923473774718,-0.0672558612783033,0.32888687302952135
"[6, 6, 11, 11]",0.095,0.0044,0.943,0.8373,0.8496,0.43,"[6, 6, 11, 11]","[6, 6, 11, 11]",0.0294561933534743,0.2885196374622356,0.947129909365559,0.7220543806646526,1324,0.004129909365559015,-0.1152456193353475,-0.0655438066465257,0.28411963746223556
"[6, 7, 7, 7]",0.0038,0.0023,0.8517,0.3682,0.8487,0.4867,"[6, 7, 7, 7]","[6, 7, 7, 7]",0.0,0.7870182555780934,0.8417849898580122,0.4401622718052738,493,-0.009915010141987812,0.07196227180527376,-0.0038,0.7847182555780934
"[6, 7, 7, 10]",0.0203,0.0037,0.4408,0.5364,0.8479,0.4636,"[6, 7, 7, 10]","[6, 7, 7, 10]",0.0015508684863523,0.6122828784119106,0.4953473945409429,0.53287841191067,3224,0.05454739454094287,-0.0035215880893300078,-0.0187491315136477,0.6085828784119106
"[6, 7, 7, 11]",0.0672,0.0034,0.4491,0.5448,0.8369,0.4552,"[6, 7, 7, 11]","[6, 7, 7, 11]",0.010166358595194,0.4011090573012939,0.4876771410967344,0.5117067159581022,3246,0.03857714109673438,-0.03309328404189771,-0.057033641404806,0.3977090573012939
"[6, 7, 10, 10]",0.026,0.0048,0.4718,0.6006,0.8406,0.4217,"[6, 7, 10, 10]","[6, 7, 10, 10]",0.0011713030746705,0.579502196193265,0.5130307467057101,0.7311859443631039,3415,0.04123074670571014,0.1305859443631039,-0.024828696925329498,0.574702196193265
"[6, 7, 10, 11]",0.0912,0.0028,0.1642,0.6033,0.8358,0.4179,"[6, 7, 10, 11]","[6, 7, 10, 11]",0.0163551401869158,0.3197748513169074,0.3166949872557349,0.7374681393372983,9416,0.1524949872557349,0.13416813933729832,-0.0748448598130842,0.3169748513169074
"[6, 7, 11, 11]",0.1044,0.0033,0.5323,0.5998,0.8419,0.4234,"[6, 7, 11, 11]","[6, 7, 11, 11]",0.0155485171321623,0.29830118053556,0.5617621652749784,0.7299164987042902,3473,0.029462165274978358,0.1301164987042902,-0.0888514828678377,0.29500118053555996
"[6, 10, 10, 10]",0.0229,0.0017,0.8588,0.7499,0.8433,0.3862,"[6, 10, 10, 10]","[6, 10, 10, 10]",0.0017574692442882,0.5746924428822495,0.8646748681898067,0.8927943760984183,569,0.005874868189806648,0.14289437609841826,-0.021142530755711802,0.5729924428822495
"[6, 10, 10, 11]",0.0959,0.0017,0.507,0.7502,0.8418,0.3892,"[6, 10, 10, 11]","[6, 10, 10, 11]",0.0140845070422535,0.3158953722334004,0.5482897384305835,0.9119718309859156,3976,0.04128973843058348,0.16177183098591563,-0.0818154929577465,0.31419537223340044
"[6, 10, 11, 11]",0.1035,0.0013,0.5352,0.7435,0.8357,0.3906,"[6, 10, 11, 11]","[6, 10, 11, 11]",0.0206489675516224,0.2700455886296594,0.559667471171896,0.8962188254223652,3729,0.02446747117189596,0.15271882542236515,-0.08285103244837759,0.26874558862965936
"[6, 11, 11, 11]",0.1047,0.0011,0.8597,0.7465,0.8497,0.3924,"[6, 11, 11, 11]","[6, 11, 11, 11]",0.0119658119658119,0.2837606837606837,0.8358974358974359,0.8871794871794871,585,-0.023802564102564094,0.14067948717948708,-0.0927341880341881,0.2826606837606837
"[7, 7, 7, 7]",0.0047,0.0006,0.9269,0.4154,0.8546,0.4785,"[7, 7, 7, 7]","[7, 7, 7, 7]",0.0,0.75,0.9375,0.40625,32,0.010600000000000054,-0.009149999999999991,-0.0047,0.7494
"[7, 7, 7, 10]",0.0195,0.0003,0.8579,1.0,0.8477,0.4499,"[7, 7, 7, 10]","[7, 7, 7, 10]",0.0015723270440251,0.5927672955974843,0.8522012578616353,0.6367924528301887,636,-0.005698742138364743,-0.3632075471698113,-0.0179276729559749,0.5924672955974843
"[7, 7, 7, 11]",0.0648,0.0005,0.8545,1.0,0.8485,0.4449,"[7, 7, 7, 11]","[7, 7, 7, 11]",0.0065897858319604,0.4069192751235584,0.841845140032949,0.6177924217462932,607,-0.012654859967051069,-0.38220757825370677,-0.0582102141680396,0.4064192751235584
"[7, 7, 10, 10]",0.024,0.0003,0.9393,0.6441,0.8437,0.4203,"[7, 7, 10, 10]","[7, 7, 10, 10]",0.0006451612903225,0.5819354838709677,0.9380645161290324,0.8019354838709677,1550,-0.001235483870967613,0.15783548387096769,-0.0233548387096775,0.5816354838709678
"[7, 7, 10, 11]",0.0883,0.0005,0.4724,0.6491,0.8384,0.4156,"[7, 7, 10, 11]","[7, 7, 10, 11]",0.0159219311761684,0.3145865434001027,0.5213148433487417,0.7986646122239343,3894,0.04891484334874169,0.14956461222393425,-0.0723780688238316,0.3140865434001027
"[7, 7, 11, 11]",0.0993,0.0003,0.9452,0.651,0.8466,0.4102,"[7, 7, 11, 11]","[7, 7, 11, 11]",0.0179063360881542,0.2809917355371901,0.9414600550964188,0.7796143250688705,1452,-0.003739944903581205,0.1286143250688705,-0.0813936639118458,0.28069173553719007
"[7, 10, 10, 10]",0.0256,0.0002,0.8501,0.7863,0.8544,0.3774,"[7, 10, 10, 10]","[7, 10, 10, 10]",0.0049180327868852,0.601639344262295,0.8557377049180328,0.9442622950819672,610,0.005637704918032838,0.15796229508196724,-0.0206819672131148,0.6014393442622951
"[7, 10, 10, 11]",0.0954,0.0,0.5082,0.79,0.8348,0.3743,"[7, 10, 10, 11]","[7, 10, 10, 11]",0.0159040861267433,0.3151455835576217,0.5537068754587717,0.9554685588451188,4087,0.045506875458771745,0.1654685588451188,-0.07949591387325669,0.3151455835576217
"[7, 10, 11, 11]",0.0981,0.0003,0.533,0.7871,0.8458,0.379,"[7, 10, 11, 11]","[7, 10, 11, 11]",0.0174460867458202,0.2803489217349164,0.5703901138841774,0.9481463532832566,4127,0.037390113884177345,0.16104635328325656,-0.08065391325417981,0.28004892173491636
"[7, 11, 11, 11]",0.0961,0.0001,0.8611,0.7847,0.8503,0.3857,"[7, 11, 11, 11]","[7, 11, 11, 11]",0.0180921052631578,0.2861842105263157,0.8470394736842105,0.9292763157894736,608,-0.014060526315789468,0.1445763157894736,-0.0780078947368422,0.2860842105263157
"[10, 10, 10, 10]",0.0263,0.0,0.9354,0.827,0.8635,0.3358,"[10, 10, 10, 10]","[10, 10, 10, 10]",0.0,0.6764705882352942,0.9411764705882352,1.0,34,0.005776470588235161,0.17300000000000004,-0.0263,0.6764705882352942
"[10, 10, 10, 11]",0.0947,0.0,0.8584,0.8194,0.8456,0.3488,"[10, 10, 10, 11]","[10, 10, 10, 11]",0.0132939438700147,0.2909896602658788,0.8581979320531757,0.9970457902511078,677,-0.00020206794682431362,0.17764579025110783,-0.0814060561299853,0.2909896602658788
"[10, 10, 11, 11]",0.1007,0.0,0.9474,0.8266,0.8428,0.339,"[10, 10, 11, 11]","[10, 10, 11, 11]",0.019032082653616,0.2914627514953779,0.9456226209896684,0.9853181076672104,1839,-0.0017773790103315923,0.1587181076672104,-0.081667917346384,0.2914627514953779
"[10, 11, 11, 11]",0.1026,0.0,0.8642,0.8209,0.8482,0.3467,"[10, 11, 11, 11]","[10, 11, 11, 11]",0.0185922974767596,0.2722443559096945,0.852589641434263,0.9880478087649402,753,-0.011610358565737,0.1671478087649403,-0.0840077025232404,0.2722443559096945
"[11, 11, 11, 11]",0.1011,0.0,0.9446,0.8232,0.8626,0.346,"[11, 11, 11, 11]","[11, 11, 11, 11]",0.0465116279069767,0.4186046511627907,0.9302325581395348,0.9767441860465116,43,-0.014367441860465235,0.15354418604651154,-0.054588372093023294,0.4186046511627907
