mano,probabilidad_grande,probabilidad_chica,probabilidad_pares,probabilidad_juego,prob_rival_pares_condicionada,prob_rival_juego_condicionada
"[1, 1, 1, 1]",0.0,1.0,0.9528,0.0,0.7007,0.3519
"[1, 1, 1, 2]",0.0,1.0,0.9205,0.0,0.6766,0.3511
"[1, 1, 1, 4]",0.0,1.0,0.9215,0.0,0.6638,0.3337
"[1, 1, 1, 5]",0.0,1.0,0.9306,0.0,0.6685,0.3338
"[1, 1, 1, 6]",0.001,1.0,0.926,0.0,0.6672,0.3248
"[1, 1, 1, 7]",0.0058,1.0,0.9286,0.0,0.6697,0.3083
"[1, 1, 1, 10]",0.0351,1.0,0.9296,0.0003,0.6763,0.2788
"[1, 1, 1, 11]",0.1374,1.0,0.9248,0.0002,0.6736,0.2837
"[1, 1, 1, 3]",0.0,1.0,0.9303,0.0,0.6736,0.3411
"[1, 1, 1, 12]",0.4536,1.0,0.928,0.0005,0.668,0.2856
"[1, 1, 2, 2]",0.0,1.0,0.963,0.0,0.666,0.3511
"[1, 1, 2, 4]",0.0,0.999,0.3475,0.0,0.6617,0.3475
"[1, 1, 2, 5]",0.0,0.9991,0.3489,0.0,0.6603,0.3341
"[1, 1, 2, 6]",0.0005,0.9972,0.3619,0.0,0.6504,0.3107
"[1, 1, 2, 7]",0.0066,0.9985,0.3575,0.0,0.6511,0.305
"[1, 1, 2, 10]",0.036,0.9975,0.3546,0.0009,0.6561,0.2905
"[1, 1, 2, 11]",0.1424,0.9973,0.3531,0.0011,0.6564,0.2798
"[1, 1, 2, 3]",0.0,0.9996,0.3474,0.0,0.6614,0.3507
"[1, 1, 2, 12]",0.4515,0.9969,0.358,0.0006,0.6511,0.2749
"[1, 1, 4, 4]",0.0,0.9916,0.9622,0.0,0.6674,0.3277
"[1, 1, 4, 5]",0.0001,0.9917,0.3538,0.0,0.6547,0.3219
"[1, 1, 4, 6]",0.0014,0.9912,0.3515,0.0002,0.6572,0.3116
"[1, 1, 4, 7]",0.0072,0.9903,0.3657,0.0005,0.6439,0.3059
"[1, 1, 4, 10]",0.0382,0.9909,0.359,0.0082,0.6515,0.264
"[1, 1, 4, 11]",0.1419,0.9898,0.3493,0.0065,0.6618,0.2668
"[1, 1, 4, 3]",0.0,0.9958,0.3522,0.0,0.6567,0.3318
"[1, 1, 4, 12]",0.4715,0.9877,0.3521,0.0076,0.6592,0.2739
"[1, 1, 5, 5]",0.0005,0.99,0.9691,0.0003,0.6607,0.3105
"[1, 1, 5, 6]",0.0019,0.9895,0.3488,0.0006,0.66,0.3065
"[1, 1, 5, 7]",0.0101,0.9868,0.3546,0.0022,0.6544,0.299
"[1, 1, 5, 10]",0.0407,0.9865,0.3545,0.0126,0.6549,0.2747
"[1, 1, 5, 11]",0.1578,0.9868,0.3587,0.0158,0.6515,0.2537
"[1, 1, 5, 3]",0.0,0.9947,0.3488,0.0,0.6621,0.3333
"[1, 1, 5, 12]",0.4722,0.9867,0.346,0.0143,0.6637,0.2677
"[1, 1, 6, 6]",0.0037,0.9861,0.9724,0.0015,0.6642,0.3011
"[1, 1, 6, 7]",0.0152,0.985,0.3514,0.0033,0.6586,0.2948
"[1, 1, 6, 10]",0.0566,0.9869,0.3522,0.0298,0.6564,0.2651
"[1, 1, 6, 11]",0.1778,0.9827,0.3603,0.0278,0.6506,0.2611
"[1, 1, 6, 3]",0.0011,0.9956,0.3501,0.0,0.6609,0.3225
"[1, 1, 6, 12]",0.5311,0.9845,0.3433,0.0312,0.6659,0.2581
"[1, 1, 7, 7]",0.0232,0.9816,0.9752,0.0091,0.6649,0.2838
"[1, 1, 7, 10]",0.0733,0.9838,0.3602,0.0512,0.6504,0.2469
"[1, 1, 7, 11]",0.2063,0.9839,0.3664,0.0544,0.6428,0.2561
"[1, 1, 7, 3]",0.0067,0.9943,0.3571,0.0002,0.6525,0.3151
"[1, 1, 7, 12]",0.5791,0.9828,0.3459,0.0505,0.6628,0.2481
"[1, 1, 10, 10]",0.1021,0.986,0.9825,0.1906,0.6662,0.226
"[1, 1, 10, 11]",0.2657,0.979,0.3518,0.1863,0.6589,0.2185
"[1, 1, 10, 3]",0.0384,0.9944,0.3472,0.0029,0.6611,0.2814
"[1, 1, 10, 12]",0.6767,0.9804,0.3498,0.1847,0.6599,0.2167
"[1, 1, 11, 11]",0.3385,0.9801,0.9884,0.1798,0.67,0.2241
"[1, 1, 11, 3]",0.1395,0.9933,0.3577,0.0033,0.6532,0.2845
"[1, 1, 11, 12]",0.802,0.9812,0.3492,0.1802,0.6582,0.2243
"[1, 1, 3, 3]",0.0,0.9941,0.9665,0.0,0.6685,0.3391
"[1, 1, 3, 12]",0.4566,0.9947,0.3522,0.0023,0.6561,0.2741
"[1, 1, 12, 12]",0.9803,0.9826,0.9988,0.1837,0.6681,0.227
"[1, 2, 2, 2]",0.0,0.9442,0.9213,0.0,0.6661,0.3392
"[1, 2, 2, 4]",0.0,0.9444,0.3834,0.0,0.6535,0.3311
"[1, 2, 2, 5]",0.0001,0.9447,0.3815,0.0,0.6568,0.3266
"[1, 2, 2, 6]",0.0009,0.9462,0.3798,0.0,0.6559,0.3249
"[1, 2, 2, 7]",0.0073,0.943,0.3806,0.0002,0.6571,0.3154
"[1, 2, 2, 10]",0.0349,0.9414,0.377,0.0041,0.6614,0.2815
"[1, 2, 2, 11]",0.1359,0.9411,0.3827,0.0028,0.6534,0.2807
"[1, 2, 2, 3]",0.0,0.9435,0.3882,0.0,0.6522,0.3403
"[1, 2, 2, 12]",0.4549,0.9408,0.3924,0.0039,0.6462,0.2693
"[1, 2, 4, 4]",0.0,0.901,0.4678,0.0001,0.6561,0.3316
"[1, 2, 4, 5]",0.0,0.8989,0.3425,0.0,0.6575,0.3247
"[1, 2, 4, 6]",0.0012,0.8942,0.3468,0.0003,0.6532,0.3109
"[1, 2, 4, 7]",0.0081,0.8921,0.3536,0.0012,0.6464,0.303
"[1, 2, 4, 10]",0.0384,0.8921,0.35,0.0148,0.65,0.2733
"[1, 2, 4, 11]",0.1527,0.8837,0.3493,0.0171,0.6507,0.2741
"[1, 2, 4, 3]",0.0,0.9334,0.3437,0.0,0.6563,0.3344
"[1, 2, 4, 12]",0.4733,0.8812,0.3505,0.0138,0.6495,0.2714
"[1, 2, 5, 5]",0.0006,0.8719,0.5365,0.0005,0.6624,0.3229
"[1, 2, 5, 6]",0.0026,0.8661,0.3534,0.0019,0.6466,0.3088
"[1, 2, 5, 7]",0.0103,0.863,0.3442,0.0055,0.6558,0.297
"[1, 2, 5, 10]",0.0438,0.8645,0.3487,0.0286,0.6513,0.2617
"[1, 2, 5, 11]",0.1505,0.8698,0.3512,0.0272,0.6488,0.2672
"[1, 2, 5, 3]",0.0002,0.9259,0.3494,0.0,0.6506,0.3364
"[1, 2, 5, 12]",0.4881,0.857,0.3552,0.0288,0.6448,0.2632
"[1, 2, 6, 6]",0.0035,0.8517,0.6081,0.0037,0.6459,0.3059
"[1, 2, 6, 7]",0.0151,0.8416,0.3431,0.0094,0.6569,0.2933
"[1, 2, 6, 10]",0.0531,0.845,0.362,0.0512,0.638,0.2545
"[1, 2, 6, 11]",0.1799,0.8429,0.3541,0.05,0.6459,0.2566
"[1, 2, 6, 3]",0.0012,0.9263,0.3471,0.0002,0.6529,0.3227
"[1, 2, 6, 12]",0.5291,0.8459,0.3502,0.051,0.6498,0.2662
"[1, 2, 7, 7]",0.0227,0.8351,0.6767,0.0173,0.663,0.2834
"[1, 2, 7, 10]",0.0776,0.829,0.36,0.0855,0.64,0.2523
"[1, 2, 7, 11]",0.2155,0.8405,0.3516,0.083,0.6484,0.2537
"[1, 2, 7, 3]",0.0067,0.92,0.3569,0.0005,0.6431,0.3112
"[1, 2, 7, 12]",0.5799,0.8222,0.3533,0.0817,0.6467,0.2539
"[1, 2, 10, 10]",0.1025,0.8154,0.7621,0.2533,0.6572,0.2153
"[1, 2, 10, 11]",0.2627,0.8151,0.3518,0.2528,0.6482,0.2231
"[1, 2, 10, 3]",0.0374,0.9153,0.3476,0.008,0.6524,0.277
"[1, 2, 10, 12]",0.6757,0.8153,0.351,0.2582,0.649,0.2251
"[1, 2, 11, 11]",0.3414,0.8065,0.8468,0.2594,0.6621,0.2235
"[1, 2, 11, 3]",0.1365,0.9169,0.3528,0.0072,0.6472,0.2801
"[1, 2, 11, 12]",0.8105,0.8106,0.3504,0.2489,0.6496,0.2213
"[1, 2, 3, 3]",0.0,0.9339,0.4013,0.0,0.6655,0.3352
"[1, 2, 3, 12]",0.4585,0.9141,0.3514,0.0062,0.6486,0.28
"[1, 2, 12, 12]",0.9793,0.8067,0.9302,0.2378,0.6567,0.2244
"[1, 4, 4, 4]",0.0,0.6441,0.9342,0.0007,0.6714,0.3272
"[1, 4, 4, 5]",0.0002,0.6418,0.5063,0.0015,0.6493,0.3162
"[1, 4, 4, 6]",0.0015,0.6457,0.5088,0.005,0.6517,0.2977
"[1, 4, 4, 7]",0.0088,0.6525,0.5047,0.0079,0.6571,0.3028
"[1, 4, 4, 10]",0.0425,0.6504,0.507,0.0543,0.6565,0.2654
"[1, 4, 4, 11]",0.1519,0.6479,0.4952,0.0523,0.6626,0.2659
"[1, 4, 4, 3]",0.0,0.7542,0.4698,0.0001,0.658,0.3284
"[1, 4, 4, 12]",0.4839,0.6494,0.4948,0.054,0.6568,0.2694
"[1, 4, 5, 5]",0.0008,0.6407,0.535,0.0048,0.6599,0.2995
"[1, 4, 5, 6]",0.0026,0.6348,0.3466,0.0093,0.6534,0.3133
"[1, 4, 5, 7]",0.0115,0.6388,0.3474,0.0198,0.6526,0.2986
"[1, 4, 5, 10]",0.053,0.6291,0.3515,0.0894,0.6485,0.2527
"[1, 4, 5, 11]",0.1656,0.6296,0.3509,0.0857,0.6491,0.2601
"[1, 4, 5, 3]",0.0001,0.7569,0.3476,0.0006,0.6524,0.3284
"[1, 4, 5, 12]",0.4979,0.6231,0.3495,0.0823,0.6505,0.2668
"[1, 4, 6, 6]",0.0043,0.6164,0.6079,0.0189,0.6635,0.2898
"[1, 4, 6, 7]",0.0182,0.6233,0.3497,0.0327,0.6503,0.2907
"[1, 4, 6, 10]",0.0581,0.6154,0.3519,0.1279,0.6481,0.2547
"[1, 4, 6, 11]",0.189,0.6068,0.3488,0.1321,0.6512,0.2447
"[1, 4, 6, 3]",0.0015,0.7519,0.3504,0.0021,0.6496,0.3124
"[1, 4, 6, 12]",0.5397,0.6092,0.3543,0.1281,0.6457,0.2513
"[1, 4, 7, 7]",0.0214,0.6075,0.6867,0.0529,0.6541,0.2784
"[1, 4, 7, 10]",0.0788,0.5976,0.3549,0.1833,0.6451,0.2487
"[1, 4, 7, 11]",0.2305,0.5985,0.3548,0.1881,0.6452,0.2382
"[1, 4, 7, 3]",0.0093,0.7468,0.3611,0.0047,0.6389,0.3018
"[1, 4, 7, 12]",0.5948,0.6008,0.3503,0.1782,0.6497,0.2482
"[1, 4, 10, 10]",0.1015,0.5905,0.7561,0.4219,0.6607,0.2145
"[1, 4, 10, 11]",0.2743,0.5858,0.3552,0.4147,0.6448,0.2156
"[1, 4, 10, 3]",0.0416,0.7525,0.3612,0.0306,0.6388,0.2741
"[1, 4, 10, 12]",0.6969,0.5834,0.3591,0.4318,0.6409,0.2014
"[1, 4, 11, 11]",0.3427,0.5755,0.847,0.4233,0.6548,0.2155
"[1, 4, 11, 3]",0.1512,0.7484,0.3556,0.0265,0.6444,0.2688
"[1, 4, 11, 12]",0.8266,0.5835,0.3505,0.4052,0.6495,0.217
"[1, 4, 3, 3]",0.0,0.7733,0.4345,0.0,0.6575,0.3281
"[1, 4, 3, 12]",0.4834,0.7397,0.351,0.028,0.649,0.269
"[1, 4, 12, 12]",0.9811,0.5809,0.9328,0.4174,0.6582,0.2171
"[1, 5, 5, 5]",0.0005,0.566,0.9393,0.0095,0.6735,0.2979
"[1, 5, 5, 6]",0.0031,0.5672,0.566,0.0193,0.6669,0.2975
"[1, 5, 5, 7]",0.0117,0.5641,0.572,0.0312,0.6565,0.2894
"[1, 5, 5, 10]",0.0483,0.5689,0.5688,0.1291,0.655,0.2507
"[1, 5, 5, 11]",0.1732,0.5681,0.5628,0.1243,0.6576,0.261
"[1, 5, 5, 3]",0.0004,0.7373,0.5407,0.0022,0.6587,0.3143
"[1, 5, 5, 12]",0.5072,0.563,0.5724,0.1231,0.6544,0.2596
"[1, 5, 6, 6]",0.0039,0.5621,0.6154,0.034,0.6423,0.2896
"[1, 5, 6, 7]",0.0187,0.5589,0.3548,0.0545,0.6452,0.2892
"[1, 5, 6, 10]",0.0599,0.5506,0.3581,0.1794,0.6419,0.2488
"[1, 5, 6, 11]",0.1878,0.5517,0.3595,0.1845,0.6405,0.2401
"[1, 5, 6, 3]",0.0028,0.7383,0.3426,0.0043,0.6574,0.3138
"[1, 5, 6, 12]",0.5528,0.5526,0.3553,0.1876,0.6447,0.25
"[1, 5, 7, 7]",0.024,0.5542,0.676,0.0888,0.6614,0.2757
"[1, 5, 7, 10]",0.0833,0.5389,0.3575,0.2554,0.6425,0.2451
"[1, 5, 7, 11]",0.2237,0.5369,0.3488,0.2469,0.6512,0.2427
"[1, 5, 7, 3]",0.0113,0.7229,0.3499,0.0084,0.6501,0.2962
"[1, 5, 7, 12]",0.6102,0.5357,0.3468,0.258,0.6532,0.2384
"[1, 5, 10, 10]",0.1004,0.5394,0.7588,0.495,0.6561,0.2189
"[1, 5, 10, 11]",0.2891,0.5377,0.3501,0.5099,0.6499,0.2081
"[1, 5, 10, 3]",0.0454,0.728,0.3507,0.0495,0.6493,0.2728
"[1, 5, 10, 12]",0.7003,0.5216,0.3582,0.5029,0.6418,0.212
"[1, 5, 11, 11]",0.3457,0.5375,0.8479,0.4978,0.6507,0.2135
"[1, 5, 11, 3]",0.1624,0.7242,0.348,0.0542,0.652,0.2623
"[1, 5, 11, 12]",0.8392,0.5227,0.3555,0.4949,0.6445,0.2128
"[1, 5, 3, 3]",0.0001,0.7736,0.4404,0.0002,0.6569,0.3357
"[1, 5, 3, 12]",0.4992,0.7118,0.346,0.0576,0.654,0.2645
"[1, 5, 12, 12]",0.9842,0.5298,0.9329,0.5076,0.6613,0.2076
"[1, 6, 6, 6]",0.0039,0.5046,0.9407,0.056,0.6788,0.2759
"[1, 6, 6, 7]",0.0223,0.5122,0.6346,0.0883,0.6575,0.2752
"[1, 6, 6, 10]",0.0667,0.5147,0.6373,0.2493,0.668,0.2487
"[1, 6, 6, 11]",0.2041,0.5118,0.6345,0.2475,0.6565,0.2483
"[1, 6, 6, 3]",0.0043,0.7109,0.6099,0.0096,0.6565,0.3077
"[1, 6, 6, 12]",0.5676,0.5092,0.642,0.2489,0.6664,0.2433
"[1, 6, 7, 7]",0.0224,0.5059,0.6828,0.1286,0.6528,0.2699
"[1, 6, 7, 10]",0.0904,0.5087,0.3541,0.3255,0.6459,0.2392
"[1, 6, 7, 11]",0.2327,0.5017,0.3601,0.3264,0.6399,0.2398
"[1, 6, 7, 3]",0.0181,0.7091,0.3473,0.0199,0.6527,0.2939
"[1, 6, 7, 12]",0.6273,0.5044,0.354,0.3228,0.646,0.2351
"[1, 6, 10, 10]",0.0996,0.5002,0.7533,0.5892,0.6573,0.21
"[1, 6, 10, 11]",0.2936,0.4905,0.3555,0.5968,0.6445,0.2026
"[1, 6, 10, 3]",0.0561,0.715,0.3589,0.0845,0.6411,0.2553
"[1, 6, 10, 12]",0.7213,0.4957,0.3536,0.5939,0.6464,0.2089
"[1, 6, 11, 11]",0.3376,0.4958,0.8464,0.5889,0.6603,0.2088
"[1, 6, 11, 3]",0.1751,0.7026,0.3602,0.0857,0.6398,0.2656
"[1, 6, 11, 12]",0.8611,0.4878,0.3532,0.5922,0.6468,0.2088
"[1, 6, 3, 3]",0.001,0.7703,0.4469,0.0005,0.6477,0.3162
"[1, 6, 3, 12]",0.5203,0.7057,0.343,0.0834,0.657,0.2613
"[1, 6, 12, 12]",0.9856,0.4848,0.9325,0.5944,0.6547,0.2038
"[1, 7, 7, 7]",0.0222,0.472,0.9471,0.1851,0.6721,0.2641
"[1, 7, 7, 10]",0.0883,0.4848,0.7158,0.4068,0.6583,0.2312
"[1, 7, 7, 11]",0.2475,0.4738,0.7131,0.4139,0.6601,0.2272
"[1, 7, 7, 3]",0.0226,0.6958,0.6825,0.0303,0.6582,0.2891
"[1, 7, 7, 12]",0.6531,0.4739,0.7103,0.4138,0.6663,0.2337
"[1, 7, 10, 10]",0.1,0.4823,0.7574,0.6738,0.6534,0.2053
"[1, 7, 10, 11]",0.3101,0.4751,0.3483,0.6784,0.6517,0.1984
"[1, 7, 10, 3]",0.076,0.6962,0.3494,0.1254,0.6506,0.2519
"[1, 7, 10, 12]",0.7484,0.4739,0.3497,0.6817,0.6503,0.1965
"[1, 7, 11, 11]",0.3452,0.4642,0.842,0.6814,0.6531,0.2016
"[1, 7, 11, 3]",0.2131,0.6924,0.3514,0.1254,0.6486,0.2551
"[1, 7, 11, 12]",0.89,0.4653,0.3575,0.6803,0.6425,0.2005
"[1, 7, 3, 3]",0.006,0.7726,0.4413,0.0017,0.6535,0.304
"[1, 7, 3, 12]",0.5964,0.6853,0.3495,0.1275,0.6505,0.2566
"[1, 7, 12, 12]",0.9881,0.4724,0.9334,0.6787,0.6558,0.2001
"[1, 10, 10, 10]",0.1023,0.4603,0.9555,1.0,0.6701,0.174
"[1, 10, 10, 11]",0.3251,0.4648,0.8035,1.0,0.6551,0.1635
"[1, 10, 10, 3]",0.1027,0.6812,0.7585,0.3324,0.6552,0.2203
"[1, 10, 10, 12]",0.7648,0.4651,0.8029,1.0,0.6543,0.1683
"[1, 10, 11, 11]",0.3404,0.4597,0.8428,1.0,0.6498,0.1726
"[1, 10, 11, 3]",0.2728,0.677,0.3448,0.3382,0.6552,0.2153
"[1, 10, 11, 12]",0.9138,0.4644,0.3453,1.0,0.6547,0.1728
"[1, 10, 3, 3]",0.0362,0.7685,0.4458,0.0176,0.6508,0.2778
"[1, 10, 3, 12]",0.6827,0.6817,0.3422,0.3323,0.6578,0.2222
"[1, 10, 12, 12]",0.9942,0.4559,0.9318,1.0,0.6511,0.1691
"[1, 11, 11, 11]",0.3501,0.4575,0.9544,1.0,0.6795,0.1719
"[1, 11, 11, 3]",0.3452,0.6832,0.8498,0.338,0.653,0.2121
"[1, 11, 11, 12]",0.9443,0.4569,0.8808,1.0,0.6527,0.1762
"[1, 11, 3, 3]",0.1462,0.7661,0.4354,0.0163,0.6562,0.28
"[1, 11, 3, 12]",0.8106,0.679,0.3467,0.3234,0.6533,0.2267
"[1, 11, 12, 12]",0.9977,0.4555,0.9332,1.0,0.6523,0.1666
"[1, 3, 3, 3]",0.0,0.7677,0.9266,0.0001,0.6746,0.3408
"[1, 3, 3, 12]",0.4569,0.7631,0.4472,0.0158,0.6536,0.2742
"[1, 3, 12, 12]",0.9818,0.6708,0.9342,0.3345,0.6533,0.2167
"[1, 12, 12, 12]",1.0,0.4659,0.9657,1.0,0.6748,0.1699
"[2, 2, 2, 2]",0.0,0.3517,0.9527,0.0,0.7048,0.3423
"[2, 2, 2, 4]",0.0,0.3455,0.932,0.0,0.6632,0.3274
"[2, 2, 2, 5]",0.0,0.3436,0.9269,0.0,0.6717,0.3275
"[2, 2, 2, 6]",0.0009,0.348,0.9344,0.0001,0.6729,0.3191
"[2, 2, 2, 7]",0.0052,0.3513,0.9328,0.0009,0.6708,0.3178
"[2, 2, 2, 10]",0.0375,0.3401,0.9302,0.008,0.6752,0.2819
"[2, 2, 2, 11]",0.1435,0.347,0.9297,0.0072,0.6779,0.2823
"[2, 2, 2, 3]",0.0,0.348,0.9311,0.0,0.6768,0.3471
"[2, 2, 2, 12]",0.4613,0.3525,0.9305,0.008,0.6735,0.2868
"[2, 2, 4, 4]",0.0,0.3397,0.9641,0.0003,0.6642,0.3254
"[2, 2, 4, 5]",0.0,0.3476,0.4017,0.0009,0.6605,0.3184
"[2, 2, 4, 6]",0.0005,0.3437,0.4137,0.0014,0.6524,0.3145
"[2, 2, 4, 7]",0.0083,0.3466,0.4044,0.0051,0.6605,0.3049
"[2, 2, 4, 10]",0.0435,0.3474,0.4032,0.0331,0.6626,0.2714
"[2, 2, 4, 11]",0.1475,0.3515,0.401,0.0311,0.6588,0.2762
"[2, 2, 4, 3]",0.0,0.342,0.407,0.0,0.6558,0.3381
"[2, 2, 4, 12]",0.4776,0.3407,0.4137,0.0329,0.6511,0.2739
"[2, 2, 5, 5]",0.0004,0.3413,0.9674,0.0019,0.6647,0.3167
"[2, 2, 5, 6]",0.0022,0.3427,0.4085,0.0043,0.655,0.3073
"[2, 2, 5, 7]",0.0118,0.3448,0.4078,0.0115,0.6604,0.3007
"[2, 2, 5, 10]",0.0435,0.3384,0.4021,0.0527,0.6624,0.2688
"[2, 2, 5, 11]",0.1546,0.3354,0.4105,0.0519,0.6541,0.2584
"[2, 2, 5, 3]",0.0,0.3458,0.408,0.0003,0.657,0.3329
"[2, 2, 5, 12]",0.4901,0.3361,0.4157,0.0494,0.6465,0.2637
"[2, 2, 6, 6]",0.0048,0.3431,0.9706,0.0108,0.6646,0.304
"[2, 2, 6, 7]",0.0156,0.3333,0.4124,0.0173,0.6509,0.2896
"[2, 2, 6, 10]",0.0538,0.3381,0.4054,0.083,0.6552,0.2601
"[2, 2, 6, 11]",0.1749,0.3445,0.4078,0.0836,0.6545,0.2709
"[2, 2, 6, 3]",0.0007,0.3472,0.402,0.0005,0.6614,0.326
"[2, 2, 6, 12]",0.5339,0.3522,0.4073,0.0847,0.6614,0.2599
"[2, 2, 7, 7]",0.0255,0.3416,0.979,0.0328,0.6572,0.2846
"[2, 2, 7, 10]",0.0717,0.344,0.4195,0.1278,0.6435,0.2532
"[2, 2, 7, 11]",0.2199,0.3374,0.4013,0.1298,0.6659,0.2527
"[2, 2, 7, 3]",0.0071,0.3511,0.4007,0.002,0.6612,0.3144
"[2, 2, 7, 12]",0.5965,0.3396,0.4059,0.1275,0.6603,0.252
"[2, 2, 10, 10]",0.099,0.3364,0.9822,0.3332,0.6724,0.223
"[2, 2, 10, 11]",0.2709,0.34,0.4049,0.3294,0.6582,0.2195
"[2, 2, 10, 3]",0.0366,0.3409,0.4093,0.0154,0.6522,0.2732
"[2, 2, 10, 12]",0.6829,0.3441,0.408,0.3341,0.657,0.2217
"[2, 2, 11, 11]",0.342,0.3376,0.9904,0.3331,0.6628,0.2236
"[2, 2, 11, 3]",0.1442,0.3454,0.4113,0.0155,0.652,0.2719
"[2, 2, 11, 12]",0.8113,0.3366,0.4144,0.3291,0.6524,0.2183
"[2, 2, 3, 3]",0.0,0.3476,0.9628,0.0,0.662,0.3453
"[2, 2, 3, 12]",0.4654,0.346,0.4139,0.0161,0.6509,0.282
"[2, 2, 12, 12]",0.9819,0.338,0.9988,0.3221,0.6561,0.2277
"[2, 4, 4, 4]",0.0,0.2527,0.9377,0.003,0.6706,0.3208
"[2, 4, 4, 5]",0.0003,0.2465,0.4964,0.0055,0.6586,0.3115
"[2, 4, 4, 6]",0.0013,0.2406,0.5017,0.0102,0.657,0.2996
"[2, 4, 4, 7]",0.0087,0.2488,0.4966,0.0181,0.6639,0.3023
"[2, 4, 4, 10]",0.0413,0.2478,0.5151,0.0845,0.6489,0.2677
"[2, 4, 4, 11]",0.1566,0.2545,0.4999,0.0875,0.6578,0.2677
"[2, 4, 4, 3]",0.0,0.3208,0.462,0.0006,0.6609,0.3332
"[2, 4, 4, 12]",0.4738,0.2472,0.5089,0.082,0.645,0.2509
"[2, 4, 5, 5]",0.0001,0.2499,0.5362,0.0102,0.6558,0.2995
"[2, 4, 5, 6]",0.0032,0.2384,0.3475,0.019,0.6525,0.2919
"[2, 4, 5, 7]",0.0133,0.2479,0.3537,0.0331,0.6463,0.2906
"[2, 4, 5, 10]",0.0485,0.2401,0.3372,0.1261,0.6628,0.2674
"[2, 4, 5, 11]",0.1724,0.2417,0.3593,0.1331,0.6407,0.2528
"[2, 4, 5, 3]",0.0002,0.3097,0.3512,0.0024,0.6488,0.3138
"[2, 4, 5, 12]",0.4999,0.238,0.3518,0.1296,0.6482,0.2597
"[2, 4, 6, 6]",0.0045,0.2327,0.5977,0.0331,0.6585,0.2927
"[2, 4, 6, 7]",0.0174,0.2291,0.3486,0.0558,0.6514,0.2948
"[2, 4, 6, 10]",0.0586,0.2285,0.3481,0.1838,0.6519,0.2544
"[2, 4, 6, 11]",0.184,0.2243,0.3542,0.1769,0.6458,0.2507
"[2, 4, 6, 3]",0.0009,0.3109,0.3526,0.0039,0.6474,0.3166
"[2, 4, 6, 12]",0.5407,0.2235,0.3499,0.1815,0.6501,0.2539
"[2, 4, 7, 7]",0.0218,0.229,0.6756,0.0877,0.6619,0.2848
"[2, 4, 7, 10]",0.0769,0.2239,0.3552,0.2495,0.6448,0.2523
"[2, 4, 7, 11]",0.2211,0.2185,0.3555,0.2507,0.6445,0.2502
"[2, 4, 7, 3]",0.0103,0.3151,0.3529,0.0099,0.6471,0.3069
"[2, 4, 7, 12]",0.5999,0.2214,0.3467,0.2509,0.6533,0.252
"[2, 4, 10, 10]",0.0964,0.2179,0.7612,0.498,0.654,0.2142
"[2, 4, 10, 11]",0.2807,0.2164,0.3515,0.505,0.6485,0.2118
"[2, 4, 10, 3]",0.0398,0.3133,0.3565,0.05,0.6435,0.2763
"[2, 4, 10, 12]",0.6849,0.215,0.3534,0.5072,0.6466,0.207
"[2, 4, 11, 11]",0.3439,0.2048,0.8399,0.4999,0.6597,0.2118
"[2, 4, 11, 3]",0.1452,0.309,0.3578,0.0524,0.6422,0.2716
"[2, 4, 11, 12]",0.8285,0.2136,0.3459,0.5046,0.6541,0.2129
"[2, 4, 3, 3]",0.0,0.3153,0.4446,0.0005,0.6533,0.3241
"[2, 4, 3, 12]",0.4852,0.3034,0.3451,0.0592,0.6549,0.2787
"[2, 4, 12, 12]",0.985,0.2082,0.9329,0.506,0.6662,0.2095
"[2, 5, 5, 5]",0.0004,0.1998,0.9389,0.0216,0.6711,0.2868
"[2, 5, 5, 6]",0.0031,0.2014,0.5713,0.0347,0.6509,0.2932
"[2, 5, 5, 7]",0.0129,0.2035,0.5674,0.058,0.6558,0.2876
"[2, 5, 5, 10]",0.049,0.2017,0.5669,0.1765,0.6575,0.2506
"[2, 5, 5, 11]",0.1673,0.2046,0.5599,0.1783,0.6626,0.2603
"[2, 5, 5, 3]",0.0003,0.3063,0.5364,0.0039,0.6629,0.3162
"[2, 5, 5, 12]",0.5086,0.1984,0.5637,0.1879,0.6564,0.256
"[2, 5, 6, 6]",0.0044,0.1945,0.605,0.0574,0.6547,0.2823
"[2, 5, 6, 7]",0.0165,0.1935,0.3532,0.088,0.6468,0.2752
"[2, 5, 6, 10]",0.0626,0.1984,0.3516,0.244,0.6484,0.2478
"[2, 5, 6, 11]",0.1983,0.1908,0.3526,0.2422,0.6474,0.247
"[2, 5, 6, 3]",0.0024,0.2971,0.3507,0.0091,0.6493,0.3041
"[2, 5, 6, 12]",0.5538,0.1918,0.3495,0.2457,0.6505,0.2534
"[2, 5, 7, 7]",0.0263,0.1904,0.6799,0.1367,0.6584,0.2779
"[2, 5, 7, 10]",0.0834,0.1878,0.3465,0.3203,0.6535,0.2495
"[2, 5, 7, 11]",0.2297,0.1839,0.3528,0.3282,0.6472,0.2405
"[2, 5, 7, 3]",0.0118,0.2924,0.3558,0.0206,0.6442,0.2943
"[2, 5, 7, 12]",0.6107,0.1837,0.3603,0.3136,0.6397,0.2442
"[2, 5, 10, 10]",0.1039,0.1817,0.7673,0.589,0.6536,0.2133
"[2, 5, 10, 11]",0.2825,0.1807,0.3487,0.5897,0.6513,0.2099
"[2, 5, 10, 3]",0.0468,0.2986,0.348,0.0851,0.652,0.2683
"[2, 5, 10, 12]",0.7129,0.1738,0.3508,0.5897,0.6492,0.2032
"[2, 5, 11, 11]",0.349,0.181,0.8471,0.5859,0.6497,0.2097
"[2, 5, 11, 3]",0.1631,0.2991,0.3509,0.088,0.6491,0.2627
"[2, 5, 11, 12]",0.8416,0.177,0.3529,0.5906,0.6471,0.2063
"[2, 5, 3, 3]",0.0001,0.324,0.435,0.001,0.6586,0.3311
"[2, 5, 3, 12]",0.5004,0.2889,0.349,0.0821,0.651,0.2632
"[2, 5, 12, 12]",0.986,0.1761,0.9317,0.5978,0.6505,0.2066
"[2, 6, 6, 6]",0.0046,0.1681,0.9467,0.0933,0.6699,0.2858
"[2, 6, 6, 7]",0.0211,0.1734,0.6363,0.1227,0.6566,0.27
"[2, 6, 6, 10]",0.0642,0.1758,0.6391,0.3219,0.6544,0.2539
"[2, 6, 6, 11]",0.2064,0.1656,0.6442,0.3355,0.6609,0.2375
"[2, 6, 6, 3]",0.0035,0.2912,0.6141,0.0177,0.6538,0.3117
"[2, 6, 6, 12]",0.5713,0.1718,0.6457,0.3272,0.6691,0.2399
"[2, 6, 7, 7]",0.0262,0.169,0.6891,0.1897,0.6545,0.2634
"[2, 6, 7, 10]",0.0877,0.1653,0.3492,0.419,0.6508,0.2319
"[2, 6, 7, 11]",0.236,0.1671,0.3557,0.4049,0.6443,0.2437
"[2, 6, 7, 3]",0.0173,0.2875,0.3548,0.0363,0.6452,0.29
"[2, 6, 7, 12]",0.638,0.1719,0.3488,0.4143,0.6512,0.2393
"[2, 6, 10, 10]",0.0993,0.1671,0.7582,0.6757,0.6632,0.2082
"[2, 6, 10, 11]",0.2966,0.1638,0.3549,0.6723,0.6451,0.2116
"[2, 6, 10, 3]",0.0555,0.29,0.3488,0.1256,0.6512,0.2643
"[2, 6, 10, 12]",0.7312,0.1549,0.3402,0.6826,0.6598,0.1999
"[2, 6, 11, 11]",0.3433,0.1638,0.8409,0.6726,0.6594,0.2049
"[2, 6, 11, 3]",0.1847,0.2771,0.3509,0.1306,0.6491,0.2605
"[2, 6, 11, 12]",0.8622,0.1566,0.3542,0.6728,0.6458,0.2083
"[2, 6, 3, 3]",0.001,0.3212,0.4389,0.0017,0.6642,0.325
"[2, 6, 3, 12]",0.5414,0.2859,0.3491,0.1207,0.6509,0.26
"[2, 6, 12, 12]",0.9894,0.1532,0.9329,0.6766,0.6556,0.2052
"[2, 7, 7, 7]",0.0211,0.1579,0.951,0.2494,0.6722,0.2639
"[2, 7, 7, 10]",0.0945,0.155,0.7223,0.4911,0.6515,0.2347
"[2, 7, 7, 11]",0.2446,0.1578,0.7146,0.487,0.6596,0.2262
"[2, 7, 7, 3]",0.0219,0.2703,0.6736,0.0544,0.6564,0.286
"[2, 7, 7, 12]",0.6513,0.1498,0.7238,0.4985,0.6546,0.225
"[2, 7, 10, 10]",0.1002,0.1496,0.7627,0.7502,0.6606,0.1969
"[2, 7, 10, 11]",0.321,0.1548,0.3475,0.7514,0.6525,0.1987
"[2, 7, 10, 3]",0.0744,0.2763,0.3517,0.1816,0.6483,0.2527
"[2, 7, 10, 12]",0.7475,0.1508,0.3473,0.7494,0.6527,0.1998
"[2, 7, 11, 11]",0.3477,0.147,0.8422,0.7523,0.6612,0.1957
"[2, 7, 11, 3]",0.2225,0.2795,0.3539,0.1823,0.6461,0.2518
"[2, 7, 11, 12]",0.8879,0.1418,0.3536,0.7509,0.6464,0.1998
"[2, 7, 3, 3]",0.0076,0.3242,0.4366,0.0056,0.6599,0.3163
"[2, 7, 3, 12]",0.5891,0.2726,0.3546,0.183,0.6454,0.2514
"[2, 7, 12, 12]",0.9908,0.1477,0.9295,0.7423,0.6572,0.208
"[2, 10, 10, 10]",0.1023,0.1442,0.9536,0.9509,0.6732,0.1693
"[2, 10, 10, 11]",0.3166,0.1462,0.7935,0.9476,0.6581,0.1711
"[2, 10, 10, 3]",0.0994,0.2617,0.7643,0.4159,0.6578,0.2187
"[2, 10, 10, 12]",0.7668,0.1436,0.8014,0.9475,0.6615,0.1702
"[2, 10, 11, 11]",0.3501,0.1456,0.8441,0.9486,0.6568,0.1709
"[2, 10, 11, 3]",0.2744,0.2715,0.3571,0.4168,0.6429,0.2205
"[2, 10, 11, 12]",0.9178,0.144,0.353,0.9426,0.647,0.1786
"[2, 10, 3, 3]",0.0368,0.3221,0.44,0.0307,0.6569,0.2739
"[2, 10, 3, 12]",0.6802,0.2671,0.3437,0.4174,0.6563,0.222
"[2, 10, 12, 12]",0.9943,0.1423,0.9268,0.9516,0.6618,0.1661
"[2, 11, 11, 11]",0.351,0.1404,0.9552,0.9476,0.6731,0.1643
"[2, 11, 11, 3]",0.3379,0.27,0.8403,0.4072,0.6542,0.221
"[2, 11, 11, 12]",0.9416,0.1467,0.8835,0.9455,0.6584,0.1749
"[2, 11, 3, 3]",0.1393,0.3243,0.4507,0.0298,0.6446,0.2823
"[2, 11, 3, 12]",0.8097,0.2645,0.3559,0.4127,0.6441,0.2242
"[2, 11, 12, 12]",0.9978,0.1437,0.932,0.9497,0.6587,0.1705
"[2, 3, 3, 3]",0.0,0.3219,0.927,0.0001,0.6814,0.3397
"[2, 3, 3, 12]",0.4646,0.3237,0.4422,0.0301,0.6527,0.2807
"[2, 3, 12, 12]",0.9804,0.2696,0.9325,0.416,0.6567,0.2211
"[2, 12, 12, 12]",1.0,0.1382,0.9631,0.9473,0.6706,0.1728
"[4, 4, 4, 4]",0.0001,0.0233,0.9592,0.013,0.6985,0.3151
"[4, 4, 4, 5]",0.0001,0.0248,0.9415,0.0174,0.6688,0.2999
"[4, 4, 4, 6]",0.0024,0.0249,0.9399,0.0331,0.6764,0.2967
"[4, 4, 4, 7]",0.0083,0.0241,0.9417,0.0546,0.6713,0.296
"[4, 4, 4, 10]",0.0428,0.0251,0.9424,0.1769,0.6703,0.2584
"[4, 4, 4, 11]",0.1498,0.0273,0.9422,0.1768,0.674,0.2606
"[4, 4, 4, 3]",0.0001,0.0907,0.9379,0.0057,0.6786,0.3174
"[4, 4, 4, 12]",0.481,0.0246,0.9394,0.1763,0.6732,0.2545
"[4, 4, 5, 5]",0.0008,0.0251,0.9679,0.0364,0.6664,0.2986
"[4, 4, 5, 6]",0.0032,0.0254,0.5422,0.0598,0.6555,0.2949
"[4, 4, 5, 7]",0.0121,0.0247,0.5261,0.0883,0.6623,0.2876
"[4, 4, 5, 10]",0.048,0.024,0.5306,0.2391,0.6593,0.2624
"[4, 4, 5, 11]",0.1684,0.0243,0.5323,0.2425,0.6594,0.2492
"[4, 4, 5, 3]",0.0003,0.0889,0.5036,0.01,0.6535,0.312
"[4, 4, 5, 12]",0.5125,0.024,0.5391,0.242,0.6503,0.2566
"[4, 4, 6, 6]",0.0039,0.0255,0.97,0.089,0.6681,0.2865
"[4, 4, 6, 7]",0.0184,0.0267,0.5346,0.1315,0.6573,0.2833
"[4, 4, 6, 10]",0.0617,0.0252,0.5362,0.3315,0.6551,0.2444
"[4, 4, 6, 11]",0.1862,0.0249,0.5268,0.3349,0.6593,0.25
"[4, 4, 6, 3]",0.0018,0.0943,0.4967,0.0193,0.6669,0.3001
"[4, 4, 6, 12]",0.5444,0.0227,0.5449,0.3207,0.6504,0.2431
"[4, 4, 7, 7]",0.0243,0.025,0.9761,0.1868,0.6671,0.278
"[4, 4, 7, 10]",0.0836,0.0231,0.5284,0.4181,0.6528,0.2437
"[4, 4, 7, 11]",0.227,0.0213,0.54,0.4109,0.6497,0.238
"[4, 4, 7, 3]",0.0112,0.093,0.5124,0.0355,0.6485,0.2955
"[4, 4, 7, 12]",0.6159,0.0246,0.5283,0.4187,0.6613,0.2384
"[4, 4, 10, 10]",0.0994,0.024,0.9822,0.6737,0.6645,0.2126
"[4, 4, 10, 11]",0.2769,0.0233,0.5327,0.6754,0.6579,0.2094
"[4, 4, 10, 3]",0.0422,0.0934,0.4925,0.1209,0.6614,0.268
"[4, 4, 10, 12]",0.7025,0.0233,0.5325,0.6776,0.6539,0.2094
"[4, 4, 11, 11]",0.3452,0.0238,0.9897,0.6711,0.6748,0.2117
"[4, 4, 11, 3]",0.1481,0.0917,0.5026,0.1221,0.6532,0.2694
"[4, 4, 11, 12]",0.8344,0.023,0.5401,0.6731,0.6518,0.2055
"[4, 4, 3, 3]",0.0,0.1033,0.9637,0.0031,0.6725,0.3197
"[4, 4, 3, 12]",0.4772,0.0885,0.5109,0.1235,0.6434,0.2642
"[4, 4, 12, 12]",0.9851,0.0266,0.9983,0.6735,0.671,0.2099
"[4, 5, 5, 5]",0.0005,0.0186,0.9414,0.0549,0.6773,0.2839
"[4, 5, 5, 6]",0.0037,0.022,0.5775,0.0856,0.6524,0.2872
"[4, 5, 5, 7]",0.0133,0.0241,0.5748,0.1307,0.648,0.2815
"[4, 5, 5, 10]",0.0503,0.019,0.5713,0.3278,0.6557,0.2528
"[4, 5, 5, 11]",0.1691,0.0199,0.5771,0.3232,0.6506,0.2437
"[4, 5, 5, 3]",0.0003,0.0938,0.5346,0.0161,0.6512,0.3073
"[4, 5, 5, 12]",0.5065,0.0198,0.5671,0.3256,0.6586,0.2459
"[4, 5, 6, 6]",0.0032,0.0198,0.5955,0.1274,0.6605,0.2929
"[4, 5, 6, 7]",0.0187,0.018,0.351,0.1794,0.649,0.2722
"[4, 5, 6, 10]",0.0688,0.0203,0.3513,0.4142,0.6487,0.2348
"[4, 5, 6, 11]",0.1951,0.0188,0.3457,0.4016,0.6543,0.2456
"[4, 5, 6, 3]",0.0029,0.0868,0.3537,0.035,0.6463,0.2966
"[4, 5, 6, 12]",0.5687,0.0142,0.3608,0.4168,0.6392,0.2335
"[4, 5, 7, 7]",0.0236,0.019,0.6746,0.2378,0.6573,0.27
"[4, 5, 7, 10]",0.0864,0.0166,0.3493,0.4805,0.6507,0.2402
"[4, 5, 7, 11]",0.2305,0.0175,0.3578,0.4945,0.6422,0.2308
"[4, 5, 7, 3]",0.0115,0.0901,0.3541,0.056,0.6459,0.2859
"[4, 5, 7, 12]",0.6203,0.016,0.3493,0.4949,0.6507,0.2314
"[4, 5, 10, 10]",0.1017,0.0167,0.7651,0.7495,0.6537,0.2001
"[4, 5, 10, 11]",0.2869,0.0171,0.3463,0.7424,0.6537,0.2093
"[4, 5, 10, 3]",0.0522,0.0861,0.3541,0.1837,0.6459,0.2594
"[4, 5, 10, 12]",0.7086,0.016,0.3481,0.743,0.6519,0.2061
"[4, 5, 11, 11]",0.3453,0.0156,0.8444,0.742,0.6571,0.2067
"[4, 5, 11, 3]",0.1645,0.0823,0.3462,0.1806,0.6538,0.2602
"[4, 5, 11, 12]",0.8481,0.0137,0.3611,0.752,0.6389,0.2007
"[4, 5, 3, 3]",0.0001,0.1016,0.4664,0.004,0.6568,0.3165
"[4, 5, 3, 12]",0.5123,0.088,0.3482,0.1822,0.6518,0.2638
"[4, 5, 12, 12]",0.9849,0.013,0.9361,0.7428,0.6579,0.2068
"[4, 6, 6, 6]",0.0044,0.0141,0.9408,0.1773,0.6695,0.2734
"[4, 6, 6, 7]",0.0221,0.013,0.6441,0.2512,0.6581,0.2676
"[4, 6, 6, 10]",0.0664,0.0121,0.6456,0.495,0.659,0.2382
"[4, 6, 6, 11]",0.2027,0.0149,0.647,0.4918,0.6548,0.2324
"[4, 6, 6, 3]",0.0035,0.0806,0.6085,0.0542,0.6571,0.2897
"[4, 6, 6, 12]",0.5602,0.0152,0.6368,0.4943,0.6561,0.2377
"[4, 6, 7, 7]",0.0269,0.0147,0.6818,0.3199,0.6595,0.2583
"[4, 6, 7, 10]",0.0926,0.0142,0.3499,0.582,0.6501,0.2294
"[4, 6, 7, 11]",0.2476,0.0122,0.3501,0.5745,0.6499,0.2312
"[4, 6, 7, 3]",0.0167,0.0817,0.35,0.0918,0.65,0.2836
"[4, 6, 7, 12]",0.6384,0.009,0.3502,0.5803,0.6498,0.2283
"[4, 6, 10, 10]",0.0993,0.0123,0.7575,0.7969,0.6497,0.2031
"[4, 6, 10, 11]",0.3103,0.0102,0.3479,0.8012,0.6521,0.1988
"[4, 6, 10, 3]",0.0558,0.0801,0.3589,0.2491,0.6411,0.2475
"[4, 6, 10, 12]",0.7251,0.0125,0.3589,0.7975,0.6411,0.2025
"[4, 6, 11, 11]",0.3404,0.0109,0.8483,0.7971,0.6569,0.2029
"[4, 6, 11, 3]",0.1945,0.083,0.3436,0.2475,0.6564,0.2526
"[4, 6, 11, 12]",0.8735,0.0082,0.3464,0.7949,0.6536,0.2051
"[4, 6, 3, 3]",0.0017,0.1008,0.4669,0.0106,0.6566,0.3093
"[4, 6, 3, 12]",0.5466,0.0768,0.3492,0.2515,0.6508,0.256
"[4, 6, 12, 12]",0.989,0.0103,0.928,0.7976,0.647,0.2024
"[4, 7, 7, 7]",0.0249,0.0085,0.9488,0.3994,0.6792,0.2584
"[4, 7, 7, 10]",0.0937,0.0094,0.7215,0.6692,0.6542,0.2286
"[4, 7, 7, 11]",0.2489,0.0086,0.7133,0.6541,0.6593,0.231
"[4, 7, 7, 3]",0.0221,0.0829,0.6801,0.1264,0.6517,0.2787
"[4, 7, 7, 12]",0.6486,0.0089,0.7146,0.6646,0.6541,0.2272
"[4, 7, 10, 10]",0.0969,0.0095,0.7571,1.0,0.6557,0.2024
"[4, 7, 10, 11]",0.3148,0.0095,0.3397,1.0,0.6603,0.2008
"[4, 7, 10, 3]",0.0749,0.0831,0.3544,0.3274,0.6456,0.2497
"[4, 7, 10, 12]",0.761,0.0074,0.3494,1.0,0.6506,0.1972
"[4, 7, 11, 11]",0.3527,0.0087,0.8438,1.0,0.6575,0.1952
"[4, 7, 11, 3]",0.2199,0.0801,0.355,0.3277,0.645,0.2476
"[4, 7, 11, 12]",0.894,0.0069,0.3546,1.0,0.6454,0.2003
"[4, 7, 3, 3]",0.0082,0.1026,0.4625,0.0177,0.6653,0.3071
"[4, 7, 3, 12]",0.5961,0.0776,0.3486,0.3228,0.6514,0.2553
"[4, 7, 12, 12]",0.9916,0.0099,0.9331,1.0,0.6669,0.2007
"[4, 10, 10, 10]",0.1014,0.0068,0.9546,0.8841,0.672,0.162
"[4, 10, 10, 11]",0.3218,0.006,0.7958,0.8813,0.6628,0.1669
"[4, 10, 10, 3]",0.1056,0.0747,0.7613,0.5838,0.6552,0.2151
"[4, 10, 10, 12]",0.7654,0.0089,0.7998,0.8766,0.6508,0.1662
"[4, 10, 11, 11]",0.3414,0.0085,0.836,0.8764,0.659,0.1719
"[4, 10, 11, 3]",0.2846,0.078,0.3465,0.5847,0.6535,0.2212
"[4, 10, 11, 12]",0.9254,0.0082,0.3541,0.8788,0.6459,0.1693
"[4, 10, 3, 3]",0.0401,0.0988,0.4723,0.0807,0.6534,0.2748
"[4, 10, 3, 12]",0.6991,0.0744,0.3477,0.5828,0.6523,0.2175
"[4, 10, 12, 12]",0.9946,0.0076,0.9329,0.8773,0.6523,0.1688
"[4, 11, 11, 11]",0.3395,0.0065,0.9542,0.8814,0.6673,0.1639
"[4, 11, 11, 3]",0.3477,0.0735,0.8429,0.5876,0.6506,0.2154
"[4, 11, 11, 12]",0.9445,0.007,0.8881,0.879,0.6563,0.1662
"[4, 11, 3, 3]",0.1516,0.1037,0.4736,0.0838,0.6526,0.2806
"[4, 11, 3, 12]",0.8304,0.0779,0.3555,0.5751,0.6445,0.2238
"[4, 11, 12, 12]",0.9985,0.0075,0.9372,0.8794,0.663,0.1649
"[4, 3, 3, 3]",0.0001,0.0971,0.9381,0.0011,0.6728,0.3318
"[4, 3, 3, 12]",0.4873,0.0992,0.4719,0.0835,0.6535,0.269
"[4, 3, 12, 12]",0.9846,0.0692,0.9319,0.5844,0.6531,0.214
"[4, 12, 12, 12]",1.0,0.008,0.9608,0.8751,0.671,0.1692
"[5, 5, 5, 5]",0.0002,0.0048,0.9613,0.092,0.7026,0.2804
"[5, 5, 5, 6]",0.0042,0.0038,0.94,0.1244,0.6652,0.285
"[5, 5, 5, 7]",0.013,0.0051,0.9447,0.188,0.672,0.2715
"[5, 5, 5, 10]",0.046,0.0038,0.9412,0.3956,0.6738,0.243
"[5, 5, 5, 11]",0.1686,0.0042,0.9434,0.4102,0.6725,0.2345
"[5, 5, 5, 3]",0.0002,0.0658,0.9421,0.0351,0.6734,0.2917
"[5, 5, 5, 12]",0.5211,0.0044,0.9439,0.4071,0.6727,0.2387
"[5, 5, 6, 6]",0.0032,0.005,0.9734,0.1806,0.6653,0.2821
"[5, 5, 6, 7]",0.0217,0.004,0.5941,0.2416,0.6569,0.273
"[5, 5, 6, 10]",0.0634,0.0033,0.6026,0.48,0.6521,0.2489
"[5, 5, 6, 11]",0.1963,0.0043,0.6084,0.4912,0.6594,0.2419
"[5, 5, 6, 3]",0.0033,0.0648,0.5706,0.0584,0.6525,0.2935
"[5, 5, 6, 12]",0.5594,0.0039,0.6034,0.4855,0.6551,0.2392
"[5, 5, 7, 7]",0.0198,0.0039,0.9763,0.3132,0.6642,0.2628
"[5, 5, 7, 10]",0.0812,0.0043,0.6048,0.5678,0.6456,0.2381
"[5, 5, 7, 11]",0.2343,0.0034,0.6017,0.5772,0.6568,0.2239
"[5, 5, 7, 3]",0.0142,0.067,0.5674,0.0906,0.6576,0.2825
"[5, 5, 7, 12]",0.616,0.0032,0.601,0.5669,0.6586,0.2288
"[5, 5, 10, 10]",0.1042,0.0049,0.985,0.8053,0.6526,0.1947
"[5, 5, 10, 11]",0.288,0.0037,0.6018,0.799,0.6609,0.201
"[5, 5, 10, 3]",0.0495,0.0635,0.5731,0.2483,0.651,0.2519
"[5, 5, 10, 12]",0.7177,0.0029,0.5967,0.798,0.6509,0.202
"[5, 5, 11, 11]",0.3401,0.0038,0.9913,0.809,0.6566,0.191
"[5, 5, 11, 3]",0.1707,0.0674,0.5707,0.2463,0.6564,0.2528
"[5, 5, 11, 12]",0.855,0.003,0.6073,0.8041,0.6567,0.1959
"[5, 5, 3, 3]",0.0003,0.0976,0.9692,0.0105,0.6597,0.3091
"[5, 5, 3, 12]",0.5074,0.0652,0.5827,0.2466,0.6487,0.2476
"[5, 5, 12, 12]",0.9865,0.0034,0.999,0.7996,0.6665,0.2004
"[5, 6, 6, 6]",0.004,0.0044,0.9439,0.2496,0.6715,0.2732
"[5, 6, 6, 7]",0.0215,0.003,0.6372,0.3142,0.6617,0.2737
"[5, 6, 6, 10]",0.0722,0.0039,0.6461,0.5758,0.6511,0.229
"[5, 6, 6, 11]",0.1996,0.0035,0.641,0.5723,0.6536,0.2382
"[5, 6, 6, 3]",0.0037,0.0615,0.6034,0.0883,0.6577,0.2987
"[5, 6, 6, 12]",0.5651,0.0039,0.6348,0.5761,0.6658,0.2373
"[5, 6, 7, 7]",0.0245,0.003,0.6778,0.3975,0.6563,0.2632
"[5, 6, 7, 10]",0.0902,0.0036,0.3553,0.6653,0.6447,0.2322
"[5, 6, 7, 11]",0.2542,0.0021,0.3524,0.6662,0.6476,0.2261
"[5, 6, 7, 3]",0.0173,0.0628,0.3596,0.1325,0.6404,0.2738
"[5, 6, 7, 12]",0.6358,0.0029,0.3529,0.6581,0.6471,0.2284
"[5, 6, 10, 10]",0.1025,0.0022,0.7607,1.0,0.6603,0.2007
"[5, 6, 10, 11]",0.3024,0.0022,0.3561,1.0,0.6439,0.1952
"[5, 6, 10, 3]",0.0649,0.0661,0.3506,0.3193,0.6494,0.2459
"[5, 6, 10, 12]",0.7355,0.0022,0.3535,1.0,0.6465,0.196
"[5, 6, 11, 11]",0.3467,0.0027,0.8467,1.0,0.65,0.1894
"[5, 6, 11, 3]",0.1893,0.0605,0.3559,0.3161,0.6441,0.2514
"[5, 6, 11, 12]",0.8756,0.0024,0.3616,1.0,0.6384,0.1961
"[5, 6, 3, 3]",0.0027,0.1061,0.4532,0.0195,0.6692,0.3131
"[5, 6, 3, 12]",0.559,0.0587,0.3521,0.3262,0.6479,0.2509
"[5, 6, 12, 12]",0.9886,0.0011,0.9351,1.0,0.6506,0.1971
"[5, 7, 7, 7]",0.0226,0.0013,0.9483,0.4836,0.6717,0.2485
"[5, 7, 7, 10]",0.0962,0.0017,0.7214,0.7302,0.6583,0.2245
"[5, 7, 7, 11]",0.2518,0.0021,0.717,0.7308,0.6487,0.2202
"[5, 7, 7, 3]",0.0244,0.0587,0.6879,0.1948,0.6538,0.2799
"[5, 7, 7, 12]",0.6436,0.002,0.7206,0.7288,0.6592,0.2196
"[5, 7, 10, 10]",0.1041,0.0018,0.7584,0.9443,0.6559,0.1907
"[5, 7, 10, 11]",0.3137,0.0012,0.3475,0.9501,0.6525,0.1907
"[5, 7, 10, 3]",0.0798,0.0585,0.3484,0.4037,0.6516,0.2449
"[5, 7, 10, 12]",0.7548,0.0013,0.3524,0.9512,0.6476,0.1878
"[5, 7, 11, 11]",0.3377,0.0018,0.8387,0.9457,0.6629,0.1898
"[5, 7, 11, 3]",0.2365,0.0583,0.3448,0.3997,0.6552,0.2397
"[5, 7, 11, 12]",0.902,0.0008,0.3472,0.9506,0.6528,0.1873
"[5, 7, 3, 3]",0.0117,0.0968,0.4642,0.0313,0.6605,0.3036
"[5, 7, 3, 12]",0.6108,0.0591,0.3529,0.3978,0.6471,0.2459
"[5, 7, 12, 12]",0.9921,0.0011,0.933,0.9461,0.6594,0.1923
"[5, 10, 10, 10]",0.0991,0.0016,0.9531,0.8928,0.6645,0.1671
"[5, 10, 10, 11]",0.325,0.001,0.7971,0.8947,0.6624,0.1587
"[5, 10, 10, 3]",0.0951,0.0548,0.7584,0.6742,0.6607,0.2119
"[5, 10, 10, 12]",0.7692,0.0011,0.7972,0.8954,0.6511,0.162
"[5, 10, 11, 11]",0.3468,0.001,0.8375,0.8917,0.6665,0.1634
"[5, 10, 11, 3]",0.2911,0.0535,0.3535,0.6771,0.6465,0.2046
"[5, 10, 11, 12]",0.9282,0.001,0.3582,0.8983,0.6418,0.1601
"[5, 10, 3, 3]",0.049,0.1034,0.4706,0.1226,0.651,0.2663
"[5, 10, 3, 12]",0.7135,0.0585,0.348,0.6799,0.652,0.2106
"[5, 10, 12, 12]",0.9942,0.0009,0.9298,0.8957,0.6627,0.1596
"[5, 11, 11, 11]",0.3534,0.0008,0.9569,0.8937,0.6713,0.1603
"[5, 11, 11, 3]",0.3381,0.055,0.8411,0.6726,0.6627,0.2088
"[5, 11, 11, 12]",0.9488,0.0013,0.8968,0.8982,0.6474,0.1569
"[5, 11, 3, 3]",0.1593,0.1038,0.465,0.1259,0.6646,0.2701
"[5, 11, 3, 12]",0.8444,0.0546,0.3412,0.6741,0.6588,0.2051
"[5, 11, 12, 12]",0.999,0.0007,0.9318,0.8886,0.6546,0.1677
"[5, 3, 3, 3]",0.0001,0.0989,0.9318,0.002,0.6727,0.3277
"[5, 3, 3, 12]",0.5017,0.1059,0.4726,0.1261,0.6503,0.2659
"[5, 3, 12, 12]",0.9854,0.0544,0.9299,0.6732,0.6601,0.206
"[5, 12, 12, 12]",1.0,0.001,0.962,0.8919,0.6698,0.1601
"[6, 6, 6, 6]",0.0036,0.0002,0.97,0.3166,0.6954,0.2668
"[6, 6, 6, 7]",0.0228,0.0001,0.9489,0.3958,0.6807,0.2577
"[6, 6, 6, 10]",0.0622,0.0003,0.9448,0.657,0.6698,0.2259
"[6, 6, 6, 11]",0.2051,0.0005,0.9496,0.6634,0.6685,0.2301
"[6, 6, 6, 3]",0.0038,0.0481,0.9426,0.1267,0.6704,0.281
"[6, 6, 6, 12]",0.5671,0.0003,0.9479,0.664,0.67,0.229
"[6, 6, 7, 7]",0.0268,0.0004,0.9767,0.493,0.6713,0.2535
"[6, 6, 7, 10]",0.0968,0.0003,0.6744,0.7346,0.6522,0.2195
"[6, 6, 7, 11]",0.2475,0.0003,0.6772,0.7352,0.6518,0.2161
"[6, 6, 7, 3]",0.0228,0.0524,0.6436,0.186,0.6529,0.2653
"[6, 6, 7, 12]",0.6524,0.0001,0.6763,0.736,0.6534,0.2158
"[6, 6, 10, 10]",0.0999,0.0003,0.984,0.9462,0.6632,0.1861
"[6, 6, 10, 11]",0.2997,0.0007,0.6689,0.9424,0.663,0.1947
"[6, 6, 10, 3]",0.0675,0.0462,0.6418,0.4043,0.6532,0.2452
"[6, 6, 10, 12]",0.7373,0.0,0.6704,0.9475,0.6564,0.1905
"[6, 6, 11, 11]",0.3513,0.0005,0.9906,0.9436,0.6658,0.197
"[6, 6, 11, 3]",0.1962,0.0516,0.6486,0.4035,0.6634,0.2444
"[6, 6, 11, 12]",0.8717,0.0004,0.6868,0.9446,0.6523,0.192
"[6, 6, 3, 3]",0.0039,0.1047,0.9704,0.0332,0.662,0.3049
"[6, 6, 3, 12]",0.5601,0.0517,0.6304,0.4017,0.6611,0.2459
"[6, 6, 12, 12]",0.9869,0.0007,0.9995,0.9464,0.6677,0.1919
"[6, 7, 7, 7]",0.0237,0.0,0.9488,0.5747,0.6684,0.2445
"[6, 7, 7, 10]",0.0942,0.0009,0.7193,0.7904,0.6559,0.2096
"[6, 7, 7, 11]",0.2503,0.0003,0.7216,0.791,0.6535,0.209
"[6, 7, 7, 3]",0.0268,0.0465,0.6785,0.2525,0.6563,0.2642
"[6, 7, 7, 12]",0.6516,0.0004,0.7198,0.7827,0.6587,0.2173
"[6, 7, 10, 10]",0.1022,0.0002,0.7558,0.8398,0.6613,0.1897
"[6, 7, 10, 11]",0.3135,0.0002,0.3464,0.8352,0.6536,0.19
"[6, 7, 10, 3]",0.0845,0.0485,0.3513,0.4866,0.6487,0.2419
"[6, 7, 10, 12]",0.7571,0.0003,0.3493,0.8431,0.6507,0.1879
"[6, 7, 11, 11]",0.3463,0.0002,0.8464,0.8416,0.6561,0.187
"[6, 7, 11, 3]",0.2378,0.0491,0.3491,0.4918,0.6509,0.2358
"[6, 7, 11, 12]",0.9026,0.0002,0.3501,0.8439,0.6499,0.1845
"[6, 7, 3, 3]",0.0181,0.0981,0.4724,0.0583,0.6533,0.289
"[6, 7, 3, 12]",0.6377,0.0459,0.3462,0.493,0.6538,0.2351
"[6, 7, 12, 12]",0.9909,0.0001,0.9335,0.8406,0.6465,0.186
"[6, 10, 10, 10]",0.102,0.0001,0.9551,0.9042,0.672,0.1584
"[6, 10, 10, 11]",0.3201,0.0001,0.7958,0.9061,0.6612,0.1587
"[6, 10, 10, 3]",0.0963,0.0457,0.7606,0.7438,0.655,0.2094
"[6, 10, 10, 12]",0.7651,0.0002,0.7958,0.9024,0.6653,0.1603
"[6, 10, 11, 11]",0.3494,0.0002,0.847,0.9063,0.6545,0.1571
"[6, 10, 11, 3]",0.2956,0.0416,0.3489,0.7482,0.6511,0.2079
"[6, 10, 11, 12]",0.9336,0.0002,0.3598,0.903,0.6402,0.1595
"[6, 10, 3, 3]",0.0562,0.0962,0.4622,0.1809,0.6646,0.2592
"[6, 10, 3, 12]",0.7198,0.0431,0.3513,0.7448,0.6487,0.2097
"[6, 10, 12, 12]",0.9932,0.0,0.9352,0.903,0.6534,0.1608
"[6, 11, 11, 11]",0.3502,0.0001,0.9547,0.9103,0.6779,0.1533
"[6, 11, 11, 3]",0.3462,0.0425,0.8388,0.7505,0.651,0.2046
"[6, 11, 11, 12]",0.9466,0.0,0.8875,0.9071,0.654,0.1588
"[6, 11, 3, 3]",0.1876,0.0991,0.4669,0.182,0.6571,0.2586
"[6, 11, 3, 12]",0.8618,0.0482,0.3456,0.7441,0.6544,0.2114
"[6, 11, 12, 12]",0.9991,0.0001,0.9308,0.9033,0.6556,0.1598
"[6, 3, 3, 3]",0.0012,0.107,0.9355,0.0061,0.6717,0.3232
"[6, 3, 3, 12]",0.5393,0.1005,0.464,0.1833,0.6583,0.2597
"[6, 3, 12, 12]",0.9859,0.043,0.9314,0.7482,0.6641,0.2039
"[6, 12, 12, 12]",1.0,0.0,0.9631,0.9095,0.6714,0.1506
"[7, 7, 7, 7]",0.0251,0.0,0.9716,0.6582,0.7003,0.2387
"[7, 7, 7, 10]",0.088,0.0,0.9574,1.0,0.6741,0.2118
"[7, 7, 7, 11]",0.2427,0.0,0.9467,1.0,0.6758,0.2148
"[7, 7, 7, 3]",0.025,0.0403,0.9459,0.3179,0.6713,0.2619
"[7, 7, 7, 12]",0.652,0.0,0.9538,1.0,0.6808,0.2073
"[7, 7, 10, 10]",0.1009,0.0,0.9806,0.8616,0.6602,0.183
"[7, 7, 10, 11]",0.3156,0.0,0.7547,0.8641,0.6582,0.1794
"[7, 7, 10, 3]",0.0937,0.0404,0.7166,0.5811,0.6559,0.2325
"[7, 7, 10, 12]",0.7707,0.0,0.7537,0.8686,0.6621,0.1719
"[7, 7, 11, 11]",0.346,0.0,0.9906,0.869,0.659,0.175
"[7, 7, 11, 3]",0.2396,0.0414,0.7186,0.5816,0.6552,0.2318
"[7, 7, 11, 12]",0.9021,0.0,0.7605,0.86,0.6584,0.1837
"[7, 7, 3, 3]",0.0242,0.1068,0.9752,0.0889,0.6687,0.2951
"[7, 7, 3, 12]",0.6353,0.0409,0.7211,0.5816,0.6479,0.2294
"[7, 7, 12, 12]",0.9937,0.0,0.9996,0.8651,0.6537,0.1793
"[7, 10, 10, 10]",0.1065,0.0,0.9529,0.9136,0.6655,0.1534
"[7, 10, 10, 11]",0.3339,0.0,0.8043,0.9198,0.6575,0.1465
"[7, 10, 10, 3]",0.0992,0.0424,0.7589,0.7984,0.6602,0.2016
"[7, 10, 10, 12]",0.7655,0.0,0.8029,0.9141,0.6534,0.1521
"[7, 10, 11, 11]",0.3492,0.0,0.8419,0.9128,0.6481,0.1565
"[7, 10, 11, 3]",0.3182,0.0421,0.3546,0.8032,0.6454,0.1968
"[7, 10, 11, 12]",0.9337,0.0,0.3498,0.9193,0.6502,0.1523
"[7, 10, 3, 3]",0.0832,0.0972,0.4735,0.2539,0.6551,0.2521
"[7, 10, 3, 12]",0.7543,0.0381,0.3527,0.8047,0.6473,0.1953
"[7, 10, 12, 12]",0.9945,0.0,0.9315,0.9175,0.6528,0.1535
"[7, 11, 11, 11]",0.3491,0.0,0.955,0.9197,0.6716,0.1506
"[7, 11, 11, 3]",0.3451,0.0395,0.8447,0.7964,0.6614,0.2036
"[7, 11, 11, 12]",0.9464,0.0,0.8845,0.9139,0.6593,0.1562
"[7, 11, 3, 3]",0.2229,0.1028,0.4704,0.2487,0.6569,0.2504
"[7, 11, 3, 12]",0.8965,0.0397,0.3531,0.8011,0.6469,0.1989
"[7, 11, 12, 12]",0.9997,0.0,0.9257,0.919,0.6672,0.1557
"[7, 3, 3, 3]",0.0076,0.1053,0.9338,0.0106,0.6719,0.3151
"[7, 3, 3, 12]",0.5839,0.0954,0.463,0.2476,0.6534,0.2599
"[7, 3, 12, 12]",0.9901,0.0362,0.9305,0.8014,0.671,0.1986
"[7, 12, 12, 12]",1.0,0.0,0.9571,0.9213,0.6684,0.1498
"[10, 10, 10, 10]",0.1031,0.0,0.9812,0.9302,0.6983,0.1324
"[10, 10, 10, 11]",0.3245,0.0,0.9544,0.9366,0.6697,0.1203
"[10, 10, 10, 3]",0.1048,0.0365,0.9526,0.8564,0.6727,0.1706
"[10, 10, 10, 12]",0.7703,0.0,0.9544,0.9326,0.668,0.1261
"[10, 10, 11, 11]",0.343,0.0,0.9908,0.9333,0.6629,0.1245
"[10, 10, 11, 3]",0.3239,0.0365,0.7987,0.8604,0.6515,0.1647
"[10, 10, 11, 12]",0.9315,0.0,0.8366,0.9313,0.6555,0.1273
"[10, 10, 3, 3]",0.0979,0.099,0.9821,0.4964,0.6572,0.2244
"[10, 10, 3, 12]",0.7636,0.0367,0.8008,0.8528,0.6517,0.1727
"[10, 10, 12, 12]",0.9959,0.0,0.9999,0.9322,0.6601,0.1255
"[10, 11, 11, 11]",0.3418,0.0,0.9571,0.9305,0.6723,0.1284
"[10, 11, 11, 3]",0.34,0.0369,0.841,0.8582,0.6558,0.1668
"[10, 11, 11, 12]",0.9455,0.0,0.8846,0.9316,0.6536,0.1267
"[10, 11, 3, 3]",0.2694,0.0984,0.4651,0.5001,0.6621,0.2195
"[10, 11, 3, 12]",0.9235,0.0361,0.3557,0.8572,0.6443,0.1704
"[10, 11, 12, 12]",0.9999,0.0,0.9357,0.9376,0.653,0.1194
"[10, 3, 3, 3]",0.0399,0.1059,0.9371,0.052,0.6714,0.2794
"[10, 3, 3, 12]",0.6952,0.097,0.466,0.5066,0.6587,0.2156
"[10, 3, 12, 12]",0.9941,0.0368,0.9342,0.8551,0.6601,0.1715
"[10, 12, 12, 12]",1.0,0.0,0.9586,0.9283,0.6715,0.1297
"[11, 11, 11, 11]",0.3535,0.0,0.9893,0.9315,0.6951,0.1284
"[11, 11, 11, 3]",0.3483,0.038,0.9579,0.8575,0.6739,0.1684
"[11, 11, 11, 12]",0.9428,0.0,0.9586,0.9324,0.6782,0.1284
"[11, 11, 3, 3]",0.3427,0.0958,0.9886,0.4906,0.6616,0.2143
"[11, 11, 3, 12]",0.9435,0.0377,0.8883,0.8574,0.6543,0.1685
"[11, 11, 12, 12]",1.0,0.0,1.0,0.9326,0.6679,0.1241
"[11, 3, 3, 3]",0.1407,0.1035,0.9336,0.054,0.6736,0.2825
"[11, 3, 3, 12]",0.8226,0.0998,0.4728,0.4983,0.6509,0.2171
"[11, 3, 12, 12]",0.9978,0.0355,0.9313,0.8592,0.6546,0.1692
"[11, 12, 12, 12]",1.0,0.0,0.9607,0.9341,0.6717,0.1239
"[3, 3, 3, 3]",0.0,0.0996,0.9576,0.0001,0.694,0.3366
"[3, 3, 3, 12]",0.4665,0.105,0.9317,0.052,0.6682,0.2728
"[3, 3, 12, 12]",0.9805,0.101,0.9984,0.5035,0.6635,0.2194
"[3, 12, 12, 12]",1.0,0.038,0.9582,0.8501,0.6775,0.1744
"[12, 12, 12, 12]",1.0,0.0,1.0,0.9335,0.7107,0.1277
