mano,mano_str,prob_grande,prob_chica,tiene_pares,tiene_juego,tipo_pares,valor_juego,valor_punto,W_pares,W_juego,W_punto,EV_pos1,EV_pos2,EV_pos3,EV_pos4,diff_pos1_pos4,diff_pos1_pos2
"[6, 6, 12, 12]","[6,6,12,12]",0.8442,0.0045,True,True,duples,32,32,3,2.857,1.0,7.165722635352699,7.099588632925514,7.099588632925514,7.03345463049833,0.13226800485436918,0.06613400242718548
"[12, 12, 12, 12]","[12,12,12,12]",1.0,0.0,True,True,duples,40,40,3,2.714,1.0,6.712247289276257,6.6499043378199465,6.6499043378199465,6.587561386363635,0.1246859029126215,0.0623429514563103
"[1, 12, 12, 12]","[1,12,12,12]",0.9915,0.142,True,True,medias,31,31,2,3.0,1.0,6.7007982516411895,6.537705894929415,6.537705894929415,6.374613538217641,0.32618471342354827,0.16309235671177458
"[11, 11, 12, 12]","[11,11,12,12]",0.9825,0.0,True,True,duples,40,40,3,2.714,1.0,6.684175218306734,6.621666264908677,6.621666264908677,6.559157311510618,0.12501790679611613,0.06250895339805762
"[10, 10, 12, 12]","[10,10,12,12]",0.9237,0.0,True,True,duples,40,40,3,2.714,1.0,6.614862243795455,6.552039731174096,6.552039731174096,6.489217218552737,0.1256450252427186,0.0628225126213593
"[7, 7, 12, 12]","[7,7,12,12]",0.875,0.0008,True,True,duples,34,34,3,2.143,1.0,6.416872851626701,6.3521771380344685,6.3521771380344685,6.287481424442236,0.1293914271844656,0.0646957135922328
"[6, 6, 11, 11]","[6,6,11,11]",0.095,0.0044,True,True,duples,32,32,3,2.857,1.0,6.386042239987583,6.3204421914438935,6.3204421914438935,6.254842142900205,0.1312000970873788,0.06560004854368984
"[6, 6, 10, 10]","[6,6,10,10]",0.0234,0.0032,True,True,duples,32,32,3,2.857,1.0,6.255840840137108,6.18956953528274,6.18956953528274,6.12329823042837,0.13254260970873855,0.06627130485436883
"[1, 1, 12, 12]","[1,1,12,12]",0.7665,0.766,True,False,duples,0,22,3,0.0,1.0,6.132278488652949,6.132278488652949,6.132278488652949,6.132278488652949,0.0,0.0
"[1, 11, 11, 11]","[1,11,11,11]",0.1029,0.1582,True,True,medias,31,31,2,3.0,1.0,5.814146182050614,5.6497390972959565,5.6497390972959565,5.485332012541299,0.3288141695093145,0.16440708475465726
"[10, 10, 11, 11]","[10,10,11,11]",0.1007,0.0,True,True,duples,40,40,3,2.714,1.0,5.7678571294525,5.705329731394247,5.705329731394247,5.642802333335995,0.12505479611650472,0.06252739805825236
"[11, 11, 11, 11]","[11,11,11,11]",0.1011,0.0,True,True,duples,40,40,3,2.714,1.0,5.759748728552552,5.695930204280707,5.695930204280707,5.632111680008863,0.12763704854368907,0.06381852427184498
"[7, 7, 7, 12]","[7,7,7,12]",0.2981,0.0002,True,True,medias,31,31,2,3.0,1.0,5.757570320329835,5.584722009050456,5.584722009050456,5.411873697771076,0.34569662255875855,0.17284831127937927
"[1, 10, 10, 10]","[1,10,10,10]",0.0242,0.1633,True,True,medias,31,31,2,3.0,1.0,5.697817711730493,5.5354780033674835,5.5354780033674835,5.373138295004474,0.32467941672601874,0.16233970836300937
"[10, 10, 10, 10]","[10,10,10,10]",0.0263,0.0,True,True,duples,40,40,3,2.714,1.0,5.642524333676029,5.58058716474399,5.58058716474399,5.518649995811952,0.12387433786407698,0.06193716893203849
"[7, 7, 11, 11]","[7,7,11,11]",0.0993,0.0003,True,True,duples,34,34,3,2.143,1.0,5.6136156701142825,5.549606548755059,5.549606548755059,5.485597427395836,0.1280182427184462,0.06400912135922354
"[1, 11, 12, 12]","[1,11,12,12]",0.9461,0.1473,True,True,pares,31,31,1,3.0,1.0,5.600850672218822,5.4271048762147736,5.4271048762147736,5.253359080210725,0.3474915920080974,0.1737457960040487
"[1, 10, 12, 12]","[1,10,12,12]",0.8966,0.1541,True,True,pares,31,31,1,3.0,1.0,5.558021668322736,5.381372457391972,5.381372457391972,5.204723246461207,0.3532984218615285,0.1766492109307638
"[7, 7, 7, 11]","[7,7,7,11]",0.0648,0.0005,True,True,medias,31,31,2,3.0,1.0,5.529612797813048,5.354457398030464,5.354457398030464,5.17930199824788,0.3503107995651682,0.1751553997825841
"[4, 4, 12, 12]","[4,4,12,12]",0.7803,0.0991,True,False,duples,0,28,3,0.0,1.0,5.526514634449622,5.526514634449622,5.526514634449622,5.526514634449622,0.0,0.0
"[5, 5, 12, 12]","[5,5,12,12]",0.8113,0.0236,True,False,duples,0,30,3,0.0,1.0,5.5053437367237095,5.5053437367237095,5.5053437367237095,5.5053437367237095,0.0,0.0
"[10, 12, 12, 12]","[10,12,12,12]",0.998,0.0,True,True,medias,40,40,2,2.714,1.0,5.488280258862026,5.407427302262708,5.407427302262708,5.32657434566339,0.16170591319863536,0.08085295659931724
"[7, 7, 7, 10]","[7,7,7,10]",0.0195,0.0003,True,True,medias,31,31,2,3.0,1.0,5.486747414065172,5.309862974285586,5.309862974285586,5.132978534506002,0.35376887955917,0.17688443977958546
"[7, 7, 10, 10]","[7,7,10,10]",0.024,0.0003,True,True,duples,34,34,3,2.143,1.0,5.474757596379938,5.409172433758579,5.409172433758579,5.34358727113722,0.1311703252427181,0.0655851626213586
"[11, 12, 12, 12]","[11,12,12,12]",0.9999,0.0,True,True,medias,40,40,2,2.714,1.0,5.473410451236072,5.391248100079645,5.391248100079645,5.309085748923218,0.1643247023128538,0.0821623511564269
"[1, 1, 11, 11]","[1,1,11,11]",0.1006,0.7853,True,False,duples,0,22,3,0.0,1.0,5.454145303087284,5.454145303087284,5.454145303087284,5.454145303087284,0.0,0.0
"[4, 7, 12, 12]","[4,7,12,12]",0.8575,0.0427,True,True,pares,31,31,1,3.0,1.0,5.408747370126386,5.221628353745235,5.221628353745235,5.0345093373640815,0.37423803276230494,0.18711901638115158
"[7, 12, 12, 12]","[7,12,12,12]",0.9975,0.0,True,True,medias,37,37,2,2.571,1.0,5.386192470048062,5.324926068623615,5.324926068623615,5.263659667199167,0.12253280284889545,0.06126640142444728
"[4, 12, 12, 12]","[4,12,12,12]",0.9928,0.0364,True,True,medias,34,34,2,2.143,1.0,5.376436700114162,5.294511634898808,5.294511634898808,5.212586569683454,0.16385013043070806,0.08192506521535403
"[5, 6, 12, 12]","[5,6,12,12]",0.8455,0.0145,True,True,pares,31,31,1,3.0,1.0,5.37328980680243,5.191361291602071,5.191361291602071,5.00943277640171,0.3638570304007196,0.1819285152003589
"[6, 12, 12, 12]","[6,12,12,12]",0.9961,0.0004,True,True,medias,36,36,2,2.429,1.0,5.362524420346195,5.302856406517803,5.302856406517803,5.243188392689412,0.1193360276567832,0.05966801382839204
"[1, 1, 10, 10]","[1,1,10,10]",0.0248,0.8097,True,False,duples,0,22,3,0.0,1.0,5.344231569950535,5.344231569950535,5.344231569950535,5.344231569950535,0.0,0.0
"[5, 12, 12, 12]","[5,12,12,12]",0.9936,0.0065,True,True,medias,35,35,2,2.286,1.0,5.342913133291896,5.285356742532065,5.285356742532065,5.227800351772235,0.11511278151966131,0.057556390759830656
"[1, 1, 1, 1]","[1,1,1,1]",0.0,1.0,True,False,duples,0,4,3,0.0,1.0,5.301565712530714,5.301565712530714,5.301565712530714,5.301565712530714,0.0,0.0
"[1, 1, 4, 4]","[1,1,4,4]",0.0,0.9767,True,False,duples,0,10,3,0.0,1.0,5.287566604068208,5.287566604068208,5.287566604068208,5.287566604068208,0.0,0.0
"[1, 1, 7, 7]","[1,1,7,7]",0.005,0.8439,True,False,duples,0,16,3,0.0,1.0,5.281768426312048,5.281768426312048,5.281768426312048,5.281768426312048,0.0,0.0
"[1, 11, 11, 12]","[1,11,11,12]",0.684,0.1508,True,True,pares,31,31,1,3.0,1.0,5.281767656054861,5.106698765250048,5.106698765250048,4.931629874445235,0.35013778160962605,0.17506889080481347
"[1, 1, 5, 5]","[1,1,5,5]",0.0,0.9245,True,False,duples,0,12,3,0.0,1.0,5.268536837618945,5.268536837618945,5.268536837618945,5.268536837618945,0.0,0.0
"[1, 1, 6, 6]","[1,1,6,6]",0.0003,0.8782,True,False,duples,0,14,3,0.0,1.0,5.261609199919516,5.261609199919516,5.261609199919516,5.261609199919516,0.0,0.0
"[11, 11, 11, 12]","[11,11,11,12]",0.6956,0.0,True,True,medias,40,40,2,2.714,1.0,5.137348301947053,5.054990851731512,5.054990851731512,4.972633401515971,0.1647149004310826,0.0823574502155413
"[1, 10, 10, 12]","[1,10,10,12]",0.4419,0.1678,True,True,pares,31,31,1,3.0,1.0,5.001879991950965,4.827603604051276,4.827603604051276,4.653327216151587,0.3485527757993774,0.17427638789968825
"[5, 7, 12, 12]","[5,7,12,12]",0.867,0.0094,True,True,pares,32,32,1,2.857,1.0,4.94028697259172,4.842334995707137,4.842334995707137,4.744383018822556,0.19590395376916359,0.09795197688458224
"[1, 10, 11, 12]","[1,10,11,12]",0.6522,0.1568,False,True,sin_pares,31,31,0,3.0,1.0,4.875436348881818,4.731331494512887,4.731331494512887,4.587226640143953,0.288209708737865,0.1441048543689316
"[10, 10, 10, 12]","[10,10,10,12]",0.441,0.0,True,True,medias,40,40,2,2.714,1.0,4.845190289368208,4.762445148655234,4.762445148655234,4.679700007942261,0.16549028142594757,0.08274514071297379
"[4, 4, 11, 11]","[4,4,11,11]",0.1002,0.1007,True,False,duples,0,28,3,0.0,1.0,4.8087959402017635,4.8087959402017635,4.8087959402017635,4.8087959402017635,0.0,0.0
"[5, 5, 11, 11]","[5,5,11,11]",0.1013,0.0226,True,False,duples,0,30,3,0.0,1.0,4.75922561981962,4.75922561981962,4.75922561981962,4.75922561981962,0.0,0.0
"[1, 10, 11, 11]","[1,10,11,11]",0.1003,0.1646,True,True,pares,31,31,1,3.0,1.0,4.731605169225377,4.5543544363843536,4.5543544363843536,4.3771037035433285,0.35450146568204843,0.17725073284102333
"[4, 7, 11, 12]","[4,7,11,12]",0.6012,0.0462,False,True,sin_pares,31,31,0,3.0,1.0,4.7219064195045455,4.569203506883186,4.569203506883186,4.4165005942618265,0.305405825242719,0.1527029126213595
"[4, 4, 10, 10]","[4,4,10,10]",0.0253,0.1006,True,False,duples,0,28,3,0.0,1.0,4.685310297678694,4.685310297678694,4.685310297678694,4.685310297678694,0.0,0.0
"[5, 6, 11, 12]","[5,6,11,12]",0.5735,0.0157,False,True,sin_pares,31,31,0,3.0,1.0,4.666615946697727,4.513214004950154,4.513214004950154,4.359812063202581,0.30680388349514587,0.15340194174757293
"[1, 10, 10, 11]","[1,10,10,11]",0.0938,0.1715,True,True,pares,31,31,1,3.0,1.0,4.666066547756801,4.490127918975453,4.490127918975453,4.314189290194106,0.3518772575626947,0.17593862878134736
"[5, 5, 10, 10]","[5,5,10,10]",0.0249,0.0239,True,False,duples,0,30,3,0.0,1.0,4.630959166005712,4.630959166005712,4.630959166005712,4.630959166005712,0.0,0.0
"[4, 7, 11, 11]","[4,7,11,11]",0.1003,0.0472,True,True,pares,31,31,1,3.0,1.0,4.612420500331151,4.425231955892121,4.425231955892121,4.238043411453091,0.37437708887805954,0.18718854443902977
"[5, 6, 11, 11]","[5,6,11,11]",0.0998,0.0169,True,True,pares,31,31,1,3.0,1.0,4.586296854633828,4.40046979761842,4.40046979761842,4.214642740603014,0.3716541140308136,0.18582705701540725
"[4, 4, 7, 7]","[4,4,7,7]",0.0046,0.0987,True,False,duples,0,22,3,0.0,1.0,4.581902686976598,4.581902686976598,4.581902686976598,4.581902686976598,0.0,0.0
"[10, 11, 11, 11]","[10,11,11,11]",0.1026,0.0,True,True,medias,40,40,2,2.714,1.0,4.557822252081072,4.474225194338447,4.474225194338447,4.390628136595823,0.1671941154852492,0.08359705774262505
"[4, 7, 10, 12]","[4,7,10,12]",0.4145,0.0466,False,True,sin_pares,31,31,0,3.0,1.0,4.544952503718181,4.390257358087114,4.390257358087114,4.2355622124560455,0.3093902912621358,0.15469514563106745
"[7, 7, 7, 7]","[7,7,7,7]",0.0047,0.0006,True,False,duples,0,28,3,0.0,1.0,4.5407863478606885,4.5407863478606885,4.5407863478606885,4.5407863478606885,0.0,0.0
"[4, 4, 6, 6]","[4,4,6,6]",0.0004,0.1055,True,False,duples,0,20,3,0.0,1.0,4.535796137798218,4.535796137798218,4.535796137798218,4.535796137798218,0.0,0.0
"[5, 5, 7, 7]","[5,5,7,7]",0.0045,0.0233,True,False,duples,0,24,3,0.0,1.0,4.529347976591233,4.529347976591233,4.529347976591233,4.529347976591233,0.0,0.0
"[6, 6, 7, 7]","[6,6,7,7]",0.003,0.0038,True,False,duples,0,26,3,0.0,1.0,4.521579344196051,4.521579344196051,4.521579344196051,4.521579344196051,0.0,0.0
"[4, 4, 5, 5]","[4,4,5,5]",0.0,0.1045,True,False,duples,0,18,3,0.0,1.0,4.500617582267945,4.500617582267945,4.500617582267945,4.500617582267945,0.0,0.0
"[10, 10, 10, 11]","[10,10,10,11]",0.0947,0.0,True,True,medias,40,40,2,2.714,1.0,4.500549052641713,4.416624888695242,4.416624888695242,4.332700724748771,0.16784832789294146,0.08392416394647029
"[5, 6, 10, 12]","[5,6,10,12]",0.3929,0.0166,False,True,sin_pares,31,31,0,3.0,1.0,4.495931100672727,4.341480615235834,4.341480615235834,4.1870301297989405,0.3089009708737862,0.1544504854368931
"[4, 7, 10, 10]","[4,7,10,10]",0.0265,0.049,True,True,pares,31,31,1,3.0,1.0,4.479073215130397,4.293793798404377,4.293793798404377,4.108514381678359,0.370558833452038,0.18527941672601944
"[5, 5, 6, 6]","[5,5,6,6]",0.0005,0.0241,True,False,duples,0,22,3,0.0,1.0,4.472323446060451,4.472323446060451,4.472323446060451,4.472323446060451,0.0,0.0
"[4, 11, 11, 11]","[4,11,11,11]",0.1009,0.0381,True,True,medias,34,34,2,2.143,1.0,4.4657691769184,4.381785871411783,4.381785871411783,4.297802565905167,0.16796661101323274,0.08398330550661637
"[6, 6, 6, 6]","[6,6,6,6]",0.0005,0.0048,True,False,duples,0,24,3,0.0,1.0,4.4640562772746755,4.4640562772746755,4.4640562772746755,4.4640562772746755,0.0,0.0
"[7, 11, 11, 11]","[7,11,11,11]",0.0961,0.0001,True,True,medias,37,37,2,2.571,1.0,4.460520390143727,4.3974984745291525,4.3974984745291525,4.334476558914578,0.12604383122914875,0.06302191561457438
"[4, 4, 4, 4]","[4,4,4,4]",0.0,0.1023,True,False,duples,0,16,3,0.0,1.0,4.455472003862733,4.455472003862733,4.455472003862733,4.455472003862733,0.0,0.0
"[6, 11, 11, 11]","[6,11,11,11]",0.1047,0.0011,True,True,medias,36,36,2,2.429,1.0,4.449901548760474,4.388575357517081,4.388575357517081,4.327249166273688,0.12265238248678578,0.06132619124339289
"[5, 6, 10, 10]","[5,6,10,10]",0.0241,0.0191,True,True,pares,31,31,1,3.0,1.0,4.448487113808872,4.262726098702225,4.262726098702225,4.076965083595579,0.3715220302132929,0.1857610151066469
"[5, 5, 5, 5]","[5,5,5,5]",0.0,0.0237,True,False,duples,0,20,3,0.0,1.0,4.437060740566366,4.437060740566366,4.437060740566366,4.437060740566366,0.0,0.0
"[5, 11, 11, 11]","[5,11,11,11]",0.0965,0.0075,True,True,medias,35,35,2,2.286,1.0,4.432270158513141,4.3735754413522905,4.3735754413522905,4.314880724191441,0.11738943432170057,0.05869471716085073
"[10, 11, 12, 12]","[10,11,12,12]",0.9801,0.0,True,True,pares,40,40,1,2.714,1.0,4.397649166683518,4.303510534985801,4.303510534985801,4.209371903288083,0.1882772633954346,0.0941386316977173
"[6, 6, 11, 12]","[6,6,11,12]",0.5622,0.0025,True,True,pares,32,32,1,2.857,1.0,4.368852857536521,4.2705956793661874,4.2705956793661874,4.172338501195853,0.1965143563406686,0.09825717817033386
"[7, 10, 10, 10]","[7,10,10,10]",0.0256,0.0002,True,True,medias,37,37,2,2.571,1.0,4.362473981573156,4.300289384778164,4.300289384778164,4.238104787983172,0.12436919358998377,0.06218459679499144
"[4, 10, 10, 10]","[4,10,10,10]",0.0219,0.0458,True,True,medias,34,34,2,2.143,1.0,4.353422218312391,4.269591546985031,4.269591546985031,4.18576087565767,0.16766134265472132,0.08383067132736066
"[6, 10, 10, 10]","[6,10,10,10]",0.0229,0.0017,True,True,medias,36,36,2,2.429,1.0,4.3394051551716455,4.2788851789037,4.2788851789037,4.218365202635754,0.12103995253589162,0.06051997626794581
"[5, 10, 10, 10]","[5,10,10,10]",0.0237,0.0098,True,True,medias,35,35,2,2.286,1.0,4.319317230838522,4.260612526299031,4.260612526299031,4.201907821759541,0.11740940907898167,0.05870470453949128
"[7, 11, 12, 12]","[7,11,12,12]",0.9707,0.0003,True,True,pares,37,37,1,2.571,1.0,4.289823342632559,4.215502662188731,4.215502662188731,4.141181981744903,0.14864136088765623,0.07432068044382767
"[4, 11, 12, 12]","[4,11,12,12]",0.954,0.0361,True,True,pares,34,34,1,2.143,1.0,4.280166935993777,4.186487405583685,4.186487405583685,4.092807875173595,0.1873590608201825,0.0936795304100917
"[1, 1, 1, 12]","[1,1,1,12]",0.1437,0.9896,True,False,medias,0,13,2,0.0,1.0,4.277147309089276,4.259161208703176,4.259161208703176,4.241175108317076,0.03597220077219987,0.017986100386099935
"[6, 11, 12, 12]","[6,11,12,12]",0.967,0.0005,True,True,pares,36,36,1,2.429,1.0,4.263895499790821,4.191134780686349,4.191134780686349,4.118374061581877,0.14552143820894425,0.07276071910447168
"[5, 7, 11, 12]","[5,7,11,12]",0.6104,0.0103,False,True,sin_pares,32,32,0,2.857,1.0,4.256808116808672,4.1915284405950795,4.1915284405950795,4.126248764381487,0.13055935242718508,0.06527967621359299
"[7, 10, 12, 12]","[7,10,12,12]",0.9239,0.0003,True,True,pares,37,37,1,2.571,1.0,4.256213091210936,4.182530205595986,4.182530205595986,4.108847319981037,0.14736577122989925,0.07368288561495007
"[4, 7, 10, 11]","[4,7,10,11]",0.089,0.0498,False,True,sin_pares,31,31,0,3.0,1.0,4.238822113540909,4.084825997036054,4.084825997036054,3.9308298805312,0.3079922330097089,0.1539961165048549
"[4, 10, 12, 12]","[4,10,12,12]",0.911,0.0326,True,True,pares,34,34,1,2.143,1.0,4.23842464517167,4.145261662471216,4.145261662471216,4.052098679770763,0.18632596540090685,0.09316298270045387
"[5, 11, 12, 12]","[5,11,12,12]",0.9556,0.007,True,True,pares,35,35,1,2.286,1.0,4.235611554077438,4.164859422983237,4.164859422983237,4.094107291889036,0.14150426218840195,0.07075213109420098
"[6, 10, 12, 12]","[6,10,12,12]",0.9134,0.0011,True,True,pares,36,36,1,2.429,1.0,4.223078159976495,4.150949359646623,4.150949359646623,4.078820559316751,0.1442576006597447,0.0721288003298719
"[5, 6, 10, 11]","[5,6,10,11]",0.0845,0.0178,False,True,sin_pares,31,31,0,3.0,1.0,4.204142536790909,4.051404672713239,4.051404672713239,3.8986668086355687,0.30547572815533997,0.15273786407766998
"[6, 6, 10, 12]","[6,6,10,12]",0.3866,0.0028,True,True,pares,32,32,1,2.857,1.0,4.197427783100821,4.098121625802398,4.098121625802398,3.9988154685039765,0.19861231459684436,0.09930615729842263
"[5, 10, 12, 12]","[5,10,12,12]",0.9077,0.0082,True,True,pares,35,35,1,2.286,1.0,4.196564202185318,4.126287289414018,4.126287289414018,4.056010376642716,0.14055382554260198,0.0702769127713001
"[1, 1, 1, 11]","[1,1,1,11]",0.0353,0.9918,True,False,medias,0,13,2,0.0,1.0,4.159886302081713,4.141538811734222,4.141538811734222,4.123191321386732,0.036694980694981005,0.018347490347490947
"[5, 7, 11, 11]","[5,7,11,11]",0.1036,0.0121,True,True,pares,32,32,1,2.857,1.0,4.145259609258319,4.04746519319017,4.04746519319017,3.9496707771220216,0.19558883213629707,0.09779441606814832
"[1, 1, 1, 10]","[1,1,1,10]",0.0064,0.9945,True,False,medias,0,13,2,0.0,1.0,4.130826263090514,4.112423174287425,4.112423174287425,4.0940200854843365,0.036806177606177215,0.018403088803088608
"[1, 1, 1, 7]","[1,1,1,7]",0.0008,0.9936,True,False,medias,0,10,2,0.0,1.0,4.106404746409126,4.087920576524956,4.087920576524956,4.069436406640786,0.036968339768339575,0.018484169884169788
"[1, 1, 1, 6]","[1,1,1,6]",0.0,0.9948,True,False,medias,0,9,2,0.0,1.0,4.104122916819691,4.085703611800386,4.085703611800386,4.067284306781081,0.03683861003860933,0.018419305019304666
"[1, 1, 1, 5]","[1,1,1,5]",0.0,0.9982,True,False,medias,0,8,2,0.0,1.0,4.103146918826764,4.084667382147227,4.084667382147227,4.06618784546769,0.03695907335907389,0.0184795366795365
"[1, 1, 1, 4]","[1,1,1,4]",0.0,0.9987,True,False,medias,0,7,2,0.0,1.0,4.09564323754118,4.077040920938864,4.077040920938864,4.058438604336548,0.03720463320463274,0.01860231660231637
"[6, 7, 12, 12]","[6,7,12,12]",0.878,0.0018,True,True,pares,33,33,1,2.0,1.0,4.083384613490094,4.031555622224209,4.031555622224209,3.979726630958325,0.10365798253176894,0.051828991265884916
"[5, 7, 10, 12]","[5,7,10,12]",0.4234,0.0106,False,True,sin_pares,32,32,0,2.857,1.0,4.07864209830225,4.0131793521857455,4.0131793521857455,3.947716606069241,0.13092549223300942,0.06546274611650471
"[10, 11, 11, 12]","[10,11,11,12]",0.6888,0.0,True,True,pares,40,40,1,2.714,1.0,4.057627683306818,3.9635005072750307,3.9635005072750307,3.869373331243243,0.18825435206357533,0.09412717603178766
"[5, 7, 10, 10]","[5,7,10,10]",0.0239,0.0121,True,True,pares,32,32,1,2.857,1.0,3.999184861890769,3.901049639332011,3.901049639332011,3.8029144167732527,0.19627044511751635,0.09813522255875817
"[10, 10, 11, 12]","[10,10,11,12]",0.6768,0.0,True,True,pares,40,40,1,2.714,1.0,3.9608391932681064,3.8652454888035863,3.8652454888035863,3.7696517843390662,0.19118740892904018,0.09559370446452009
"[7, 11, 11, 12]","[7,11,11,12]",0.684,0.0001,True,True,pares,37,37,1,2.571,1.0,3.950241953290843,3.87557414991715,3.87557414991715,3.8009063465434574,0.14933560674738544,0.07466780337369272
"[6, 11, 11, 12]","[6,11,11,12]",0.6905,0.0016,True,True,pares,36,36,1,2.429,1.0,3.9404563751075763,3.86772227805206,3.86772227805206,3.794988180996545,0.1454681941110314,0.07273409705551614
"[4, 11, 11, 12]","[4,11,11,12]",0.6801,0.0374,True,True,pares,34,34,1,2.143,1.0,3.9340044787276485,3.8373542954143067,3.8373542954143067,3.740704112100966,0.1933003666266826,0.09665018331334174
"[6, 6, 10, 11]","[6,6,10,11]",0.0813,0.0033,True,True,pares,32,32,1,2.857,1.0,3.9112085935360685,3.8134246313382953,3.8134246313382953,3.7156406691405217,0.19556792439554682,0.09778396219777319
"[5, 11, 11, 12]","[5,11,11,12]",0.6866,0.0062,True,True,pares,35,35,1,2.286,1.0,3.9063582706635467,3.83492222957197,3.83492222957197,3.763486188480393,0.14287208218315373,0.07143604109157664
"[1, 4, 4, 4]","[1,4,4,4]",0.0,0.6874,True,False,medias,0,13,2,0.0,1.0,3.8340193758291155,3.8145923488020883,3.8145923488020883,3.7951653217750616,0.038854054054053844,0.019427027027027144
"[5, 7, 10, 11]","[5,7,10,11]",0.0887,0.0139,False,True,sin_pares,32,32,0,2.857,1.0,3.768445000790975,3.7039891391404898,3.7039891391404898,3.6395332774900044,0.12891172330097067,0.06445586165048534
"[7, 7, 11, 12]","[7,7,11,12]",0.6244,0.0003,True,True,pares,34,34,1,2.143,1.0,3.7200225789540076,3.624639408760583,3.624639408760583,3.529256238567158,0.19076634038684936,0.09538317019342468
"[1, 4, 12, 12]","[1,4,12,12]",0.7822,0.4938,True,False,pares,0,25,1,0.0,1.0,3.6779426555809227,3.6472592578975256,3.6472592578975256,3.6165758602141276,0.061366795366795124,0.030683397683397118
"[1, 5, 5, 5]","[1,5,5,5]",0.0,0.4381,True,False,medias,0,16,2,0.0,1.0,3.6576239767897416,3.6382455984113635,3.6382455984113635,3.6188672200329854,0.03875675675675616,0.01937837837837808
"[4, 10, 10, 12]","[4,10,10,12]",0.4402,0.0406,True,True,pares,34,34,1,2.143,1.0,3.653996975693137,3.5594027080749644,3.5594027080749644,3.4648084404567907,0.1891885352363465,0.0945942676181728
"[7, 10, 10, 12]","[7,10,10,12]",0.4364,0.0,True,True,pares,37,37,1,2.571,1.0,3.640157533664454,3.565023583355199,3.565023583355199,3.4898896330459435,0.15026790061851036,0.07513395030925496
"[6, 10, 10, 12]","[6,10,10,12]",0.4416,0.0017,True,True,pares,36,36,1,2.429,1.0,3.639230442955923,3.56661208602111,3.56661208602111,3.4939937290862977,0.14523671386962533,0.07261835693481311
"[5, 10, 10, 12]","[5,10,10,12]",0.4383,0.0088,True,True,pares,35,35,1,2.286,1.0,3.6121856974319626,3.5412259579822494,3.5412259579822494,3.4702662185325366,0.14191947889942602,0.07095973944971323
"[1, 6, 6, 6]","[1,6,6,6]",0.0001,0.2933,True,False,medias,0,19,2,0.0,1.0,3.574187763183547,3.55486266665845,3.55486266665845,3.5355375701333536,0.03865019305019324,0.01932509652509662
"[7, 10, 11, 12]","[7,10,11,12]",0.6743,0.0,False,True,sin_pares,37,37,0,2.571,1.0,3.5708821519640335,3.5282996524494705,3.5282996524494705,3.4857171529349076,0.08516499902912589,0.042582499514562944
"[1, 7, 7, 7]","[1,7,7,7]",0.0032,0.2122,True,False,medias,0,22,2,0.0,1.0,3.5587828275858016,3.5393349511379255,3.5393349511379255,3.519887074690049,0.03889575289575253,0.019447876447876045
"[1, 5, 12, 12]","[1,5,12,12]",0.8035,0.326,True,False,pares,0,26,1,0.0,1.0,3.5423871624955248,3.5119701740785363,3.5119701740785363,3.481553185661548,0.060833976833976955,0.030416988416988477
"[4, 10, 11, 12]","[4,10,11,12]",0.644,0.039,False,True,sin_pares,34,34,0,2.143,1.0,3.5413052419543245,3.4789657880708296,3.4789657880708296,3.416626334187334,0.12467890776699031,0.06233945388349493
"[6, 10, 11, 12]","[6,10,11,12]",0.6595,0.0014,False,True,sin_pares,36,36,0,2.429,1.0,3.5364309252765223,3.4955211412959395,3.4955211412959395,3.454611357315357,0.08181956796116507,0.04090978398058276
"[6, 6, 6, 12]","[6,6,6,12]",0.2061,0.0036,True,False,medias,0,28,2,0.0,1.0,3.531360221132976,3.5121555879283433,3.5121555879283433,3.49295095472371,0.03840926640926634,0.019204633204632948
"[7, 7, 10, 12]","[7,7,10,12]",0.424,0.0005,True,True,pares,34,34,1,2.143,1.0,3.525929443822631,3.4298596813961963,3.4298596813961963,3.333789918969761,0.1921395248528701,0.09606976242643483
"[5, 10, 11, 12]","[5,10,11,12]",0.657,0.0084,False,True,sin_pares,35,35,0,2.286,1.0,3.505922378137511,3.466332409205472,3.466332409205472,3.426742440273433,0.07917993786407784,0.03958996893203892
"[1, 6, 12, 12]","[1,6,12,12]",0.8275,0.2309,True,False,pares,0,27,1,0.0,1.0,3.4823802669375303,3.451947834505098,3.451947834505098,3.4215154020726657,0.06086486486486464,0.03043243243243232
"[5, 5, 5, 12]","[5,5,5,12]",0.1682,0.0222,True,False,medias,0,25,2,0.0,1.0,3.4563035314064408,3.4369691684720776,3.4369691684720776,3.4176348055377153,0.038668725868725495,0.019334362934363192
"[1, 7, 12, 12]","[1,7,12,12]",0.8527,0.1764,True,False,pares,0,28,1,0.0,1.0,3.4530428230551595,3.422394174406511,3.422394174406511,3.3917455257578624,0.06129729729729716,0.030648648648648358
"[4, 4, 4, 12]","[4,4,4,12]",0.1392,0.104,True,False,medias,0,22,2,0.0,1.0,3.442141033124605,3.4227325389161107,3.4227325389161107,3.4033240447076163,0.038816988416988885,0.019408494208494442
"[4, 7, 7, 7]","[4,7,7,7]",0.0044,0.0506,True,False,medias,0,25,2,0.0,1.0,3.4068977479078097,3.3871510297610916,3.3871510297610916,3.3674043116143735,0.03949343629343627,0.019746718146718134
"[4, 10, 11, 11]","[4,10,11,11]",0.0997,0.0441,True,True,pares,34,34,1,2.143,1.0,3.3924119576717775,3.2968477888372005,3.2968477888372005,3.201283620002624,0.1911283376691535,0.09556416883457697
"[7, 10, 11, 11]","[7,10,11,11]",0.0981,0.0003,True,True,pares,37,37,1,2.571,1.0,3.3891440435304743,3.3139164058838126,3.3139164058838126,3.23868876823715,0.15045527529332414,0.07522763764666163
"[6, 7, 11, 12]","[6,7,11,12]",0.6099,0.0029,False,True,sin_pares,33,33,0,2.0,1.0,3.381460779297374,3.360679225899316,3.360679225899316,3.339897672501258,0.04156310679611597,0.020781553398057984
"[5, 7, 7, 7]","[5,7,7,7]",0.0033,0.0147,True,False,medias,0,26,2,0.0,1.0,3.3786046987000966,3.358969177464575,3.358969177464575,3.339333656229054,0.03927104247104252,0.01963552123552148
"[6, 6, 6, 11]","[6,6,6,11]",0.054,0.0046,True,False,medias,0,28,2,0.0,1.0,3.3760389194085114,3.3562412360108285,3.3562412360108285,3.3364435526131446,0.03959536679536679,0.019797683397682952
"[6, 7, 7, 7]","[6,7,7,7]",0.0038,0.0023,True,False,medias,0,27,2,0.0,1.0,3.3717633825568356,3.352102378695832,3.352102378695832,3.3324413748348283,0.039322007722007335,0.019661003861003667
"[6, 10, 11, 11]","[6,10,11,11]",0.1035,0.0013,True,True,pares,36,36,1,2.429,1.0,3.3694100745452897,3.2956926623662595,3.2956926623662595,3.2219752501872287,0.147434824358061,0.07371741217903027
"[4, 6, 6, 6]","[4,6,6,6]",0.0003,0.0644,True,False,medias,0,22,2,0.0,1.0,3.3532172696002633,3.3333616711446648,3.3333616711446648,3.313506072689066,0.03971119691119718,0.01985559845559859
"[5, 10, 11, 11]","[5,10,11,11]",0.0989,0.0097,True,True,pares,35,35,1,2.286,1.0,3.3448782300679785,3.2728655599251586,3.2728655599251586,3.2008528897823387,0.14402534028563974,0.07201267014281987
"[4, 4, 4, 11]","[4,4,4,11]",0.0364,0.1043,True,False,medias,0,22,2,0.0,1.0,3.33959609622163,3.3198169456424798,3.3198169456424798,3.300037795063329,0.039558301158300946,0.01977915057915025
"[6, 6, 6, 10]","[6,6,6,10]",0.0126,0.0039,True,False,medias,0,28,2,0.0,1.0,3.3382792524120832,3.318567283300114,3.318567283300114,3.2988553141881445,0.03942393822393875,0.019711969111969374
"[7, 10, 10, 11]","[7,10,10,11]",0.0954,0.0,True,True,pares,37,37,1,2.571,1.0,3.3326752640780124,3.2584002654968374,3.2584002654968374,3.1841252669156628,0.14854999716234962,0.07427499858117503
"[5, 5, 5, 11]","[5,5,5,11]",0.0415,0.0217,True,False,medias,0,25,2,0.0,1.0,3.3304495556055893,3.3107144204704544,3.3107144204704544,3.2909792853353195,0.039470270270269836,0.019735135135134918
"[4, 5, 5, 5]","[4,5,5,5]",0.0,0.0932,True,False,medias,0,19,2,0.0,1.0,3.3270034820248156,3.3073332117545458,3.3073332117545458,3.287662941484275,0.03934054054054048,0.019670270270269796
"[4, 4, 4, 10]","[4,4,4,10]",0.0074,0.1119,True,False,medias,0,22,2,0.0,1.0,3.3250499779403384,3.3055488196391805,3.3055488196391805,3.2860476613380216,0.03900231660231679,0.01950115830115795
"[4, 10, 10, 11]","[4,10,10,11]",0.0946,0.0369,True,True,pares,34,34,1,2.143,1.0,3.3246915903081264,3.2310139465794467,3.2310139465794467,3.137336302850766,0.1873552874573603,0.0936776437286797
"[4, 6, 12, 12]","[4,6,12,12]",0.8351,0.0568,True,False,pares,0,30,1,0.0,1.0,3.3198026426128644,3.2883895151997367,3.2883895151997367,3.2569763877866094,0.06282625482625503,0.03141312741312774
"[5, 6, 6, 6]","[5,6,6,6]",0.0003,0.0222,True,False,medias,0,23,2,0.0,1.0,3.3170912905667604,3.2973515222269922,3.2973515222269922,3.277611753887223,0.0394795366795373,0.019739768339768204
"[6, 6, 6, 7]","[6,6,6,7]",0.0032,0.0048,True,False,medias,0,25,2,0.0,1.0,3.3149374310230955,3.295299593185258,3.295299593185258,3.27566175534742,0.03927567567567536,0.01963783783783768
"[4, 5, 12, 12]","[4,5,12,12]",0.8105,0.0719,True,False,pares,0,29,1,0.0,1.0,3.3065892613065198,3.275361462078721,3.275361462078721,3.2441336628509214,0.06245559845559834,0.031227799227798947
"[5, 5, 5, 10]","[5,5,5,10]",0.0105,0.0219,True,False,medias,0,25,2,0.0,1.0,3.302055742971139,3.2823738896892856,3.2823738896892856,3.2626920364074325,0.03936370656370647,0.019681853281853456
"[6, 10, 10, 11]","[6,10,10,11]",0.0959,0.0017,True,True,pares,36,36,1,2.429,1.0,3.2939340315654153,3.220129668053776,3.220129668053776,3.1463253045421364,0.14760872702327887,0.07380436351163944
"[4, 4, 4, 7]","[4,4,4,7]",0.0009,0.1029,True,False,medias,0,19,2,0.0,1.0,3.2842114329363024,3.2643790005038698,3.2643790005038698,3.244546568071437,0.0396648648648652,0.0198324324324326
"[4, 4, 4, 6]","[4,4,4,6]",0.0003,0.1025,True,False,medias,0,18,2,0.0,1.0,3.2834662923184013,3.2637821224342316,3.2637821224342316,3.244097952550061,0.0393683397683402,0.019684169884169656
"[4, 4, 4, 5]","[4,4,4,5]",0.0,0.1042,True,False,medias,0,17,2,0.0,1.0,3.2825352350547385,3.262837165556669,3.262837165556669,3.2431390960585995,0.03939613899613903,0.019698069498069515
"[5, 5, 5, 7]","[5,5,5,7]",0.0019,0.0263,True,False,medias,0,22,2,0.0,1.0,3.2773424212183837,3.2576003362762984,3.2576003362762984,3.237858251334214,0.039484169884169695,0.019742084942085292
"[6, 7, 11, 11]","[6,7,11,11]",0.1044,0.0033,True,True,pares,33,33,1,2.0,1.0,3.271851991888329,3.218792802324285,3.218792802324285,3.165733612760241,0.10611837912808797,0.05305918956404421
"[5, 5, 5, 6]","[5,5,5,6]",0.0002,0.0255,True,False,medias,0,21,2,0.0,1.0,3.269957145830686,3.2503540570275975,3.2503540570275975,3.2307509682245086,0.039206177606177395,0.019603088803088475
"[5, 10, 10, 11]","[5,10,10,11]",0.0913,0.0114,True,True,pares,35,35,1,2.286,1.0,3.268429533412492,3.1962144367449508,3.1962144367449508,3.1239993400774093,0.1444301933350829,0.07221509666754145
"[1, 1, 11, 12]","[1,1,11,12]",0.4946,0.7765,True,False,pares,0,22,1,0.0,1.0,3.2222150993067302,3.191817415909047,3.191817415909047,3.1614197325113635,0.06079536679536668,0.030397683397683117
"[6, 7, 10, 12]","[6,7,10,12]",0.4309,0.0025,False,True,sin_pares,33,33,0,2.0,1.0,3.2183167618315314,3.198025499695609,3.198025499695609,3.1777342375596866,0.04058252427184472,0.020291262135922583
"[7, 7, 10, 11]","[7,7,10,11]",0.0883,0.0005,True,True,pares,34,34,1,2.143,1.0,3.1948430205867986,3.097620606934589,3.097620606934589,3.000398193282379,0.19444482730441948,0.09722241365220974
"[6, 7, 10, 10]","[6,7,10,10]",0.026,0.0048,True,True,pares,33,33,1,2.0,1.0,3.1324420504925095,3.0795155782505033,3.0795155782505033,3.026589106008497,0.10585294448401239,0.052926472242006195
"[1, 1, 10, 12]","[1,1,10,12]",0.3345,0.7936,True,False,pares,0,22,1,0.0,1.0,3.0862769753777988,3.055663075763899,3.055663075763899,3.0250491761499996,0.061227799227799196,0.030613899613899598
"[1, 1, 4, 12]","[1,1,4,12]",0.1496,0.9356,True,False,pares,0,16,1,0.0,1.0,3.010899100777852,2.9803238112025623,2.9803238112025623,2.9497485216272725,0.06115057915057953,0.030575289575289766
"[1, 4, 11, 12]","[1,4,11,12]",0.5249,0.5108,False,False,sin_pares,0,25,0,0.0,1.0,3.0000995806318183,3.0000995806318183,3.0000995806318183,3.0000995806318183,0.0,0.0
"[1, 1, 7, 12]","[1,1,7,12]",0.2341,0.8201,True,False,pares,0,19,1,0.0,1.0,2.9964455743598544,2.9660054199197,2.9660054199197,2.9355652654795454,0.06088030888030893,0.030440154440154465
"[1, 1, 5, 12]","[1,1,5,12]",0.1538,0.8906,True,False,pares,0,17,1,0.0,1.0,2.98200176503961,2.9517160507538955,2.9517160507538955,2.9214303364681813,0.0605714285714285,0.03028571428571425
"[1, 1, 6, 12]","[1,1,6,12]",0.1816,0.8456,True,False,pares,0,18,1,0.0,1.0,2.977960276822955,2.947794253656932,2.947794253656932,2.917628230490909,0.06033204633204603,0.030166023166023237
"[1, 4, 11, 11]","[1,4,11,11]",0.0997,0.5146,True,False,pares,0,25,1,0.0,1.0,2.972316705257669,2.9405985585395222,2.9405985585395222,2.9088804118213756,0.06343629343629331,0.031718146718146656
"[1, 1, 4, 11]","[1,1,4,11]",0.0386,0.95,True,False,pares,0,16,1,0.0,1.0,2.9088379687658827,2.8778186637465777,2.8778186637465777,2.8467993587272726,0.06203861003861011,0.031019305019305055
"[6, 7, 10, 11]","[6,7,10,11]",0.0912,0.0028,False,True,sin_pares,33,33,0,2.0,1.0,2.8960150929303623,2.875728685163372,2.875728685163372,2.8554422773963815,0.040572815533980844,0.020286407766990422
"[1, 1, 4, 10]","[1,1,4,10]",0.0081,0.9561,True,False,pares,0,16,1,0.0,1.0,2.8830758269435677,2.852025633893375,2.852025633893375,2.8209754408431817,0.06210038610038593,0.031050193050192743
"[1, 1, 4, 7]","[1,1,4,7]",0.0008,0.9621,True,False,pares,0,13,1,0.0,1.0,2.866090142304308,2.834916397130563,2.834916397130563,2.8037426519568176,0.06234749034749054,0.03117374517374527
"[1, 1, 4, 5]","[1,1,4,5]",0.0,0.976,True,False,pares,0,11,1,0.0,1.0,2.86421519416146,2.832952645898912,2.832952645898912,2.8016900976363632,0.06252509652509675,0.03126254826254815
"[1, 1, 5, 11]","[1,1,5,11]",0.0408,0.9037,True,False,pares,0,17,1,0.0,1.0,2.8638982200405665,2.8326472547896016,2.8326472547896016,2.801396289538636,0.06250193050193031,0.031250965250964935
"[1, 1, 4, 6]","[1,1,4,6]",0.0001,0.9675,True,False,pares,0,12,1,0.0,1.0,2.8618756551556244,2.8306671609471303,2.8306671609471303,2.7994586667386363,0.06241698841698806,0.03120849420849403
"[1, 4, 10, 10]","[1,4,10,10]",0.0244,0.5381,True,False,pares,0,25,1,0.0,1.0,2.851835094517366,2.8199393416216125,2.8199393416216125,2.7880435887258597,0.06379150579150616,0.031895752895753304
"[1, 1, 5, 10]","[1,1,5,10]",0.0088,0.9077,True,False,pares,0,17,1,0.0,1.0,2.847657097702553,2.8165296845751397,2.8165296845751397,2.785402271447727,0.062254826254826146,0.031127413127413295
"[1, 5, 11, 12]","[1,5,11,12]",0.5281,0.3369,False,False,sin_pares,0,26,0,0.0,1.0,2.835955114406818,2.835955114406818,2.835955114406818,2.835955114406818,0.0,0.0
"[1, 1, 6, 11]","[1,1,6,11]",0.046,0.8583,True,False,pares,0,18,1,0.0,1.0,2.835448257789022,2.804398064738829,2.804398064738829,2.773347871688636,0.06210038610038593,0.031050193050193187
"[1, 4, 10, 12]","[1,4,10,12]",0.3422,0.5227,False,False,sin_pares,0,25,0,0.0,1.0,2.832921913743182,2.832921913743182,2.832921913743182,2.832921913743182,0.0,0.0
"[1, 4, 4, 12]","[1,4,4,12]",0.1466,0.6879,True,False,pares,0,19,1,0.0,1.0,2.8281184818097667,2.7969292926205775,2.7969292926205775,2.765740103431388,0.062378378378378674,0.031189189189189115
"[1, 1, 10, 11]","[1,1,10,11]",0.075,0.8072,True,False,pares,0,22,1,0.0,1.0,2.8239422540936117,2.79259090274226,2.79259090274226,2.7612395513909087,0.06270270270270295,0.031351351351351475
"[1, 1, 7, 11]","[1,1,7,11]",0.0568,0.824,True,False,pares,0,19,1,0.0,1.0,2.823237378085644,2.79237637422464,2.79237637422464,2.7615153703636364,0.06172200772200753,0.030861003861003766
"[1, 1, 5, 6]","[1,1,5,6]",0.0002,0.9147,True,False,pares,0,13,1,0.0,1.0,2.816566911257046,2.785400888091023,2.785400888091023,2.754234864925,0.062332046332046254,0.031166023166023127
"[1, 1, 5, 7]","[1,1,5,7]",0.0016,0.9076,True,False,pares,0,14,1,0.0,1.0,2.8118281035005617,2.780573277245735,2.780573277245735,2.749318450990909,0.06250965250965246,0.03125482625482645
"[1, 1, 6, 10]","[1,1,6,10]",0.0091,0.8686,True,False,pares,0,18,1,0.0,1.0,2.807729152193436,2.776582434046718,2.776582434046718,2.7454357159000002,0.06229343629343598,0.03114671814671821
"[1, 5, 11, 11]","[1,5,11,11]",0.096,0.3414,True,False,pares,0,26,1,0.0,1.0,2.8057205674810985,2.7736163203768514,2.7736163203768514,2.741512073272604,0.0642084942084944,0.0321042471042472
"[1, 1, 7, 10]","[1,1,7,10]",0.0167,0.8328,True,False,pares,0,19,1,0.0,1.0,2.797684442577764,2.766711469604791,2.766711469604791,2.735738496631818,0.06194594594594616,0.03097297297297308
"[1, 1, 6, 7]","[1,1,6,7]",0.0017,0.8713,True,False,pares,0,15,1,0.0,1.0,2.7893694987993767,2.7582459466758245,2.7582459466758245,2.7271223945522722,0.062247104247104446,0.031123552123552223
"[1, 7, 11, 12]","[1,7,11,12]",0.5969,0.1925,False,False,sin_pares,0,28,0,0.0,1.0,2.7781496580340903,2.7781496580340903,2.7781496580340903,2.7781496580340903,0.0,0.0
"[1, 6, 11, 12]","[1,6,11,12]",0.5568,0.2411,False,False,sin_pares,0,27,0,0.0,1.0,2.776439406479545,2.776439406479545,2.776439406479545,2.776439406479545,0.0,0.0
"[1, 4, 7, 7]","[1,4,7,7]",0.0038,0.5697,True,False,pares,0,19,1,0.0,1.0,2.7629445469363194,2.7310024619942346,2.7310024619942346,2.6990603770521497,0.06388416988416967,0.031942084942084836
"[1, 4, 7, 12]","[1,4,7,12]",0.2471,0.5442,False,False,sin_pares,0,22,0,0.0,1.0,2.7423212906181815,2.7423212906181815,2.7423212906181815,2.7423212906181815,0.0,0.0
"[1, 7, 7, 12]","[1,7,7,12]",0.2948,0.21,True,False,pares,0,25,1,0.0,1.0,2.740454942813092,2.709173089531239,2.709173089531239,2.6778912362493856,0.06256370656370658,0.03128185328185307
"[1, 4, 5, 12]","[1,4,5,12]",0.1652,0.6284,False,False,sin_pares,0,20,0,0.0,1.0,2.737533906918182,2.737533906918182,2.737533906918182,2.737533906918182,0.0,0.0
"[1, 6, 11, 11]","[1,6,11,11]",0.1014,0.2495,True,False,pares,0,27,1,0.0,1.0,2.7282942443027816,2.696514321522859,2.696514321522859,2.664734398742936,0.0635598455598454,0.031779922779922476
"[1, 4, 6, 12]","[1,4,6,12]",0.1879,0.5873,False,False,sin_pares,0,21,0,0.0,1.0,2.726743297143182,2.726743297143182,2.726743297143182,2.726743297143182,0.0,0.0
"[1, 4, 6, 6]","[1,4,6,6]",0.0004,0.6101,True,False,pares,0,17,1,0.0,1.0,2.7217659264731395,2.689951254658468,2.689951254658468,2.658136582843796,0.06362934362934336,0.03181467181467168
"[1, 4, 4, 11]","[1,4,4,11]",0.037,0.6866,True,False,pares,0,19,1,0.0,1.0,2.712499234670709,2.680622786794261,2.680622786794261,2.648746338917813,0.06375289575289589,0.031876447876447944
"[1, 4, 5, 5]","[1,4,5,5]",0.0,0.6696,True,False,pares,0,15,1,0.0,1.0,2.702921858167287,2.670968190213619,2.670968190213619,2.639014522259951,0.0639073359073361,0.03195366795366805
"[1, 5, 10, 10]","[1,5,10,10]",0.0231,0.3674,True,False,pares,0,26,1,0.0,1.0,2.700161155446613,2.66849706278252,2.66849706278252,2.6368329701184274,0.06332818532818552,0.03166409266409298
"[1, 5, 10, 12]","[1,5,10,12]",0.3575,0.3456,False,False,sin_pares,0,26,0,0.0,1.0,2.688229904831818,2.688229904831818,2.688229904831818,2.688229904831818,0.0,0.0
"[1, 4, 4, 10]","[1,4,4,10]",0.0066,0.687,True,False,pares,0,19,1,0.0,1.0,2.686627131693489,2.6550865911529486,2.6550865911529486,2.6235460506124078,0.06308108108108135,0.03154054054054045
"[1, 5, 5, 12]","[1,5,5,12]",0.1728,0.4324,True,False,pares,0,21,1,0.0,1.0,2.686019049753562,2.654775806510319,2.654775806510319,2.6235325632670756,0.06248648648648647,0.031243243243243235
"[1, 7, 11, 11]","[1,7,11,11]",0.106,0.1905,True,False,pares,0,28,1,0.0,1.0,2.683429145905537,2.6516337791101705,2.6516337791101705,2.6198384123148033,0.06359073359073353,0.03179536679536632
"[5, 5, 11, 12]","[5,5,11,12]",0.5416,0.0237,True,False,pares,0,30,1,0.0,1.0,2.6749052398762982,2.6431909541620127,2.6431909541620127,2.611476668447727,0.06342857142857117,0.031714285714285584
"[1, 4, 4, 6]","[1,4,4,6]",0.0001,0.6956,True,False,pares,0,15,1,0.0,1.0,2.6600661482940855,2.628332557560495,2.628332557560495,2.596598966826904,0.06346718146718144,0.0317335907335905
"[1, 6, 6, 12]","[1,6,6,12]",0.2178,0.2885,True,False,pares,0,23,1,0.0,1.0,2.659929155715997,2.6285430553298967,2.6285430553298967,2.597156954943796,0.06277220077220091,0.031386100386100235
"[1, 4, 4, 7]","[1,4,4,7]",0.0013,0.6845,True,False,pares,0,16,1,0.0,1.0,2.6588990634317744,2.6271191406518515,2.6271191406518515,2.5953392178719286,0.06355984555984584,0.03177992277992292
"[1, 4, 4, 5]","[1,4,4,5]",0.0,0.6976,True,False,pares,0,14,1,0.0,1.0,2.6583197602287116,2.626501227410179,2.626501227410179,2.594682694591646,0.0636370656370655,0.03181853281853275
"[1, 4, 5, 11]","[1,4,5,11]",0.0405,0.6465,False,False,sin_pares,0,20,0,0.0,1.0,2.637487635715909,2.637487635715909,2.637487635715909,2.637487635715909,0.0,0.0
"[4, 4, 11, 12]","[4,4,11,12]",0.5096,0.1013,True,False,pares,0,28,1,0.0,1.0,2.6301623867406723,2.5981508037290895,2.5981508037290895,2.566139220717506,0.06402316602316604,0.0320115830115828
"[4, 6, 11, 12]","[4,6,11,12]",0.5679,0.0541,False,False,sin_pares,0,30,0,0.0,1.0,2.6163514481159087,2.6163514481159087,2.6163514481159087,2.6163514481159087,0.0,0.0
"[1, 6, 10, 12]","[1,6,10,12]",0.3737,0.2505,False,False,sin_pares,0,27,0,0.0,1.0,2.6144563900795452,2.6144563900795452,2.6144563900795452,2.6144563900795452,0.0,0.0
"[1, 4, 5, 10]","[1,4,5,10]",0.0081,0.6563,False,False,sin_pares,0,20,0,0.0,1.0,2.613024649120454,2.613024649120454,2.613024649120454,2.613024649120454,0.0,0.0
"[4, 5, 11, 12]","[4,5,11,12]",0.5465,0.0754,False,False,sin_pares,0,29,0,0.0,1.0,2.6123635474636364,2.6123635474636364,2.6123635474636364,2.6123635474636364,0.0,0.0
"[1, 5, 7, 12]","[1,5,7,12]",0.2609,0.3711,False,False,sin_pares,0,23,0,0.0,1.0,2.603955196456818,2.603955196456818,2.603955196456818,2.603955196456818,0.0,0.0
"[1, 4, 6, 11]","[1,4,6,11]",0.0467,0.6008,False,False,sin_pares,0,21,0,0.0,1.0,2.602904001813636,2.602904001813636,2.602904001813636,2.602904001813636,0.0,0.0
"[1, 4, 5, 6]","[1,4,5,6]",0.0005,0.6675,False,False,sin_pares,0,16,0,0.0,1.0,2.6017477752840907,2.6017477752840907,2.6017477752840907,2.6017477752840907,0.0,0.0
"[1, 7, 10, 12]","[1,7,10,12]",0.4121,0.196,False,False,sin_pares,0,28,0,0.0,1.0,2.601745942386364,2.601745942386364,2.601745942386364,2.601745942386364,0.0,0.0
"[1, 6, 10, 10]","[1,6,10,10]",0.0228,0.2615,True,False,pares,0,27,1,0.0,1.0,2.5995170984851264,2.5677719247399526,2.5677719247399526,2.536026750994779,0.06349034749034743,0.031745173745173716
"[1, 4, 5, 7]","[1,4,5,7]",0.0012,0.6598,False,False,sin_pares,0,17,0,0.0,1.0,2.5978963778136364,2.5978963778136364,2.5978963778136364,2.5978963778136364,0.0,0.0
"[1, 5, 7, 7]","[1,5,7,7]",0.0038,0.3863,True,False,pares,0,20,1,0.0,1.0,2.59150816295136,2.559712796155993,2.559712796155993,2.527917429360626,0.06359073359073397,0.03179536679536721
"[1, 4, 10, 11]","[1,4,10,11]",0.0754,0.5326,False,False,sin_pares,0,25,0,0.0,1.0,2.5894628861499998,2.5894628861499998,2.5894628861499998,2.5894628861499998,0.0,0.0
"[4, 7, 7, 12]","[4,7,7,12]",0.3008,0.0541,True,False,pares,0,28,1,0.0,1.0,2.5847220411098544,2.552714319102132,2.552714319102132,2.52070659709441,0.06401544401544434,0.03200772200772217
"[1, 4, 7, 11]","[1,4,7,11]",0.0532,0.5605,False,False,sin_pares,0,22,0,0.0,1.0,2.5766862165568183,2.5766862165568183,2.5766862165568183,2.5766862165568183,0.0,0.0
"[1, 4, 6, 10]","[1,4,6,10]",0.0093,0.6103,False,False,sin_pares,0,21,0,0.0,1.0,2.574906795984091,2.574906795984091,2.574906795984091,2.574906795984091,0.0,0.0
"[1, 5, 6, 12]","[1,5,6,12]",0.2116,0.3932,False,False,sin_pares,0,22,0,0.0,1.0,2.5738770641181814,2.5738770641181814,2.5738770641181814,2.5738770641181814,0.0,0.0
"[4, 5, 11, 11]","[4,5,11,11]",0.1079,0.0743,True,False,pares,0,29,1,0.0,1.0,2.5636364652629604,2.531258086884582,2.531258086884582,2.4988797085062036,0.06475675675675685,0.032378378378378425
"[5, 7, 7, 12]","[5,7,7,12]",0.3019,0.0133,True,False,pares,0,29,1,0.0,1.0,2.562997560143708,2.5313025794487274,2.5313025794487274,2.4996075987537467,0.06338996138996134,0.03169498069498067
"[1, 7, 10, 10]","[1,7,10,10]",0.024,0.2118,True,False,pares,0,28,1,0.0,1.0,2.553855444391032,2.521936525472113,2.521936525472113,2.490017606553194,0.06383783783783814,0.03191891891891885
"[1, 5, 6, 6]","[1,5,6,6]",0.0003,0.4252,True,False,pares,0,18,1,0.0,1.0,2.55154405855702,2.519656027668989,2.519656027668989,2.487767996780958,0.06377606177606188,0.031888030888030716
"[1, 4, 6, 7]","[1,4,6,7]",0.0028,0.6025,False,False,sin_pares,0,18,0,0.0,1.0,2.551071578056818,2.551071578056818,2.551071578056818,2.551071578056818,0.0,0.0
"[1, 4, 7, 10]","[1,4,7,10]",0.0168,0.5704,False,False,sin_pares,0,22,0,0.0,1.0,2.5500189111454548,2.5500189111454548,2.5500189111454548,2.5500189111454548,0.0,0.0
"[1, 5, 5, 11]","[1,5,5,11]",0.0419,0.4319,True,False,pares,0,21,1,0.0,1.0,2.5459541501038174,2.5140506752003424,2.5140506752003424,2.4821472002968674,0.06380694980695001,0.031903474903475004
"[6, 7, 7, 12]","[6,7,7,12]",0.2882,0.0028,True,False,pares,0,30,1,0.0,1.0,2.539736274483257,2.507836660583643,2.507836660583643,2.475937046684029,0.06379922779922786,0.03189961389961393
"[4, 6, 11, 11]","[4,6,11,11]",0.0974,0.0575,True,False,pares,0,30,1,0.0,1.0,2.5346023449058004,2.502162190465646,2.502162190465646,2.4697220360254915,0.06488030888030893,0.032440154440154245
"[1, 6, 7, 12]","[1,6,7,12]",0.2849,0.2705,False,False,sin_pares,0,24,0,0.0,1.0,2.5342144707159093,2.5342144707159093,2.5342144707159093,2.5342144707159093,0.0,0.0
"[1, 5, 5, 10]","[1,5,5,10]",0.0086,0.436,True,False,pares,0,21,1,0.0,1.0,2.533999322157775,2.5026556928141455,2.5026556928141455,2.471312063470516,0.06268725868725866,0.03134362934362933
"[1, 7, 7, 11]","[1,7,7,11]",0.065,0.2163,True,False,pares,0,25,1,0.0,1.0,2.517866466480844,2.486152180766558,2.486152180766558,2.4544378950522727,0.06342857142857117,0.03171428571428603
"[1, 6, 7, 7]","[1,6,7,7]",0.0038,0.2826,True,False,pares,0,21,1,0.0,1.0,2.5039206963302387,2.4720056384151805,2.4720056384151805,2.4400905805001227,0.063830115830116,0.03191505791505822
"[1, 6, 6, 11]","[1,6,6,11]",0.0521,0.2959,True,False,pares,0,23,1,0.0,1.0,2.5029007149983413,2.4711980122956385,2.4711980122956385,2.439495309592936,0.06340540540540518,0.03170270270270281
"[1, 5, 5, 7]","[1,5,5,7]",0.0023,0.4382,True,False,pares,0,18,1,0.0,1.0,2.502595310156441,2.470850136411267,2.470850136411267,2.4391049626660934,0.06349034749034743,0.031745173745173716
"[5, 5, 10, 12]","[5,5,10,12]",0.365,0.0231,True,False,pares,0,30,1,0.0,1.0,2.5024413909232095,2.470534055015874,2.470534055015874,2.4386267191085382,0.06381467181467126,0.03190733590733563
"[1, 5, 5, 6]","[1,5,5,6]",0.0004,0.4321,True,False,pares,0,17,1,0.0,1.0,2.4859515606656633,2.4541407498548526,2.4541407498548526,2.4223299390440416,0.06362162162162166,0.03181081081081061
"[1, 7, 7, 10]","[1,7,7,10]",0.0201,0.2131,True,False,pares,0,25,1,0.0,1.0,2.4713034900923043,2.439461791250605,2.439461791250605,2.4076200924089064,0.06368339768339792,0.031841698841699184
"[4, 4, 10, 12]","[4,4,10,12]",0.3382,0.0967,True,False,pares,0,28,1,0.0,1.0,2.465625232271262,2.4337758114218406,2.4337758114218406,2.40192639057242,0.06369884169884177,0.03184942084942133
"[6, 6, 7, 12]","[6,6,7,12]",0.2882,0.0044,True,False,pares,0,29,1,0.0,1.0,2.4652239152188136,2.4334439924388906,2.4334439924388906,2.4016640696589677,0.06355984555984584,0.03177992277992292
"[1, 6, 6, 10]","[1,6,6,10]",0.0121,0.291,True,False,pares,0,23,1,0.0,1.0,2.4525395760477355,2.4205009660091257,2.4205009660091257,2.388462355970516,0.06407722007721972,0.03203861003860986
"[4, 5, 10, 12]","[4,5,10,12]",0.368,0.0732,False,False,sin_pares,0,29,0,0.0,1.0,2.4442278367545454,2.4442278367545454,2.4442278367545454,2.4442278367545454,0.0,0.0
"[1, 6, 6, 7]","[1,6,6,7]",0.0037,0.2942,True,False,pares,0,20,1,0.0,1.0,2.443935094763145,2.4120972569253074,2.4120972569253074,2.3802594190874693,0.06367567567567578,0.03183783783783767
"[4, 6, 10, 12]","[4,6,10,12]",0.3847,0.0548,False,False,sin_pares,0,30,0,0.0,1.0,2.4417070007681816,2.4417070007681816,2.4417070007681816,2.4417070007681816,0.0,0.0
"[4, 6, 6, 12]","[4,6,6,12]",0.2099,0.0682,True,False,pares,0,26,1,0.0,1.0,2.4401159754395225,2.4082163615399086,2.4082163615399086,2.3763167476402947,0.06379922779922786,0.03189961389961393
"[1, 5, 7, 11]","[1,5,7,11]",0.0599,0.3883,False,False,sin_pares,0,23,0,0.0,1.0,2.4301814517113636,2.4301814517113636,2.4301814517113636,2.4301814517113636,0.0,0.0
"[1, 5, 6, 11]","[1,5,6,11]",0.0474,0.4097,False,False,sin_pares,0,22,0,0.0,1.0,2.4301420890840904,2.4301420890840904,2.4301420890840904,2.4301420890840904,0.0,0.0
"[1, 5, 10, 11]","[1,5,10,11]",0.0763,0.3535,False,False,sin_pares,0,26,0,0.0,1.0,2.4243429368295453,2.4243429368295453,2.4243429368295453,2.4243429368295453,0.0,0.0
"[4, 5, 10, 10]","[4,5,10,10]",0.0253,0.0751,True,False,pares,0,29,1,0.0,1.0,2.420843989189356,2.3884617498071163,2.3884617498071163,2.3560795104248773,0.06476447876447855,0.0323822393822395
"[4, 6, 10, 10]","[4,6,10,10]",0.0235,0.0578,True,False,pares,0,30,1,0.0,1.0,2.4014338614881714,2.3689126259669355,2.3689126259669355,2.3363913904457,0.0650424710424713,0.03252123552123587
"[1, 5, 6, 10]","[1,5,6,10]",0.0117,0.4126,False,False,sin_pares,0,22,0,0.0,1.0,2.3983385026727273,2.3983385026727273,2.3983385026727273,2.3983385026727273,0.0,0.0
"[5, 6, 6, 12]","[5,6,6,12]",0.2067,0.0207,True,False,pares,0,27,1,0.0,1.0,2.3941102060402155,2.3621603990904085,2.3621603990904085,2.3302105921406016,0.06389961389961396,0.03194980694980698
"[5, 5, 7, 12]","[5,5,7,12]",0.2635,0.027,True,False,pares,0,27,1,0.0,1.0,2.3870558910879254,2.3552103312423656,2.3552103312423656,2.3233647713968058,0.06369111969111962,0.03184555984555981
"[1, 5, 6, 7]","[1,5,6,7]",0.0042,0.4243,False,False,sin_pares,0,19,0,0.0,1.0,2.382181695415909,2.382181695415909,2.382181695415909,2.382181695415909,0.0,0.0
"[1, 5, 7, 10]","[1,5,7,10]",0.0161,0.3798,False,False,sin_pares,0,23,0,0.0,1.0,2.3780523141999996,2.3780523141999996,2.3780523141999996,2.3780523141999996,0.0,0.0
"[4, 4, 7, 12]","[4,4,7,12]",0.2525,0.0989,True,False,pares,0,25,1,0.0,1.0,2.3757814385242275,2.3438547975975865,2.3438547975975865,2.3119281566709455,0.06385328185328198,0.03192664092664099
"[4, 7, 7, 11]","[4,7,7,11]",0.065,0.0479,True,False,pares,0,28,1,0.0,1.0,2.3541347018434626,2.321764045472806,2.321764045472806,2.2893933891021496,0.064741312741313,0.032370656370656725
"[1, 6, 10, 11]","[1,6,10,11]",0.0808,0.2683,False,False,sin_pares,0,27,0,0.0,1.0,2.3506130130977274,2.3506130130977274,2.3506130130977274,2.3506130130977274,0.0,0.0
"[4, 5, 5, 12]","[4,5,5,12]",0.1691,0.0927,True,False,pares,0,24,1,0.0,1.0,2.342809204786443,2.3105698225470603,2.3105698225470603,2.2783304403076783,0.06447876447876455,0.0322393822393825
"[4, 6, 7, 12]","[4,6,7,12]",0.2858,0.0596,False,False,sin_pares,0,27,0,0.0,1.0,2.3358792303090907,2.3358792303090907,2.3358792303090907,2.3358792303090907,0.0,0.0
"[4, 5, 7, 12]","[4,5,7,12]",0.2646,0.0785,False,False,sin_pares,0,26,0,0.0,1.0,2.3307008971022727,2.3307008971022727,2.3307008971022727,2.3307008971022727,0.0,0.0
"[5, 5, 6, 12]","[5,5,6,12]",0.2081,0.0222,True,False,pares,0,26,1,0.0,1.0,2.326981246194875,2.2950700492836784,2.2950700492836784,2.2631588523724817,0.06382239382239341,0.031911196911196704
"[1, 6, 7, 11]","[1,6,7,11]",0.0605,0.2792,False,False,sin_pares,0,24,0,0.0,1.0,2.3264381992772725,2.3264381992772725,2.3264381992772725,2.3264381992772725,0.0,0.0
"[5, 7, 7, 11]","[5,7,7,11]",0.0651,0.0133,True,False,pares,0,29,1,0.0,1.0,2.323256244863961,2.2908276734353894,2.2908276734353894,2.258399102006818,0.06485714285714295,0.03242857142857147
"[6, 7, 7, 11]","[6,7,7,11]",0.0672,0.0034,True,False,pares,0,30,1,0.0,1.0,2.321489615547964,2.2891768742352228,2.2891768742352228,2.2568641329224812,0.06462548262548262,0.03231274131274109
"[4, 4, 6, 12]","[4,4,6,12]",0.1957,0.0985,True,False,pares,0,24,1,0.0,1.0,2.3095307312950597,2.2775114262757548,2.2775114262757548,2.2454921212564494,0.06403861003861033,0.032019305019304944
"[4, 7, 7, 10]","[4,7,7,10]",0.0214,0.0499,True,False,pares,0,28,1,0.0,1.0,2.3067072202465866,2.2742130117523778,2.2742130117523778,2.2417188032581694,0.06498841698841717,0.03249420849420881
"[1, 7, 10, 11]","[1,7,10,11]",0.0909,0.2017,False,False,sin_pares,0,28,0,0.0,1.0,2.302375253788636,2.302375253788636,2.302375253788636,2.302375253788636,0.0,0.0
"[4, 5, 7, 7]","[4,5,7,7]",0.0042,0.0853,True,False,pares,0,23,1,0.0,1.0,2.299457512270858,2.2669246937380394,2.2669246937380394,2.2343918752052208,0.06506563706563728,0.03253281853281864
"[5, 6, 7, 12]","[5,6,7,12]",0.281,0.0207,False,False,sin_pares,0,28,0,0.0,1.0,2.2959585553340904,2.2959585553340904,2.2959585553340904,2.2959585553340904,0.0,0.0
"[1, 6, 7, 10]","[1,6,7,10]",0.0191,0.28,False,False,sin_pares,0,24,0,0.0,1.0,2.288675210431818,2.288675210431818,2.288675210431818,2.288675210431818,0.0,0.0
"[4, 6, 7, 7]","[4,6,7,7]",0.0047,0.0644,True,False,pares,0,24,1,0.0,1.0,2.287470090723815,2.255033797287522,2.255033797287522,2.2225975038512282,0.06487258687258679,0.03243629343629317
"[4, 5, 6, 12]","[4,5,6,12]",0.2104,0.0882,False,False,sin_pares,0,25,0,0.0,1.0,2.2860865156409087,2.2860865156409087,2.2860865156409087,2.2860865156409087,0.0,0.0
"[4, 4, 5, 12]","[4,4,5,12]",0.1639,0.0976,True,False,pares,0,23,1,0.0,1.0,2.2828052276180584,2.251021443834275,2.251021443834275,2.2192376600504913,0.0635675675675671,0.03178378378378355
"[5, 7, 7, 10]","[5,7,7,10]",0.0246,0.0108,True,False,pares,0,29,1,0.0,1.0,2.2808588894671114,2.2482720168802386,2.2482720168802386,2.2156851442933663,0.06517374517374508,0.03258687258687276
"[4, 6, 6, 11]","[4,6,6,11]",0.0499,0.0645,True,False,pares,0,26,1,0.0,1.0,2.2755058991571167,2.243193157844375,2.243193157844375,2.210880416531634,0.06462548262548262,0.03231274131274153
"[6, 7, 7, 10]","[6,7,7,10]",0.0203,0.0037,True,False,pares,0,30,1,0.0,1.0,2.266444445676316,2.2337069939388643,2.2337069939388643,2.2009695422014124,0.06547490347490381,0.032737451737451906
"[6, 6, 7, 11]","[6,6,7,11]",0.0671,0.0044,True,False,pares,0,29,1,0.0,1.0,2.250541902795068,2.21824074449391,2.21824074449391,2.1859395861927515,0.06460231660231663,0.03230115830115832
"[5, 6, 7, 7]","[5,6,7,7]",0.0046,0.0197,True,False,pares,0,25,1,0.0,1.0,2.2486959131102404,2.216178538592866,2.216178538592866,2.1836611640754913,0.06503474903474915,0.03251737451737435
"[4, 6, 6, 10]","[4,6,6,10]",0.0151,0.0664,True,False,pares,0,26,1,0.0,1.0,2.2452747574544225,2.212815297994963,2.212815297994963,2.1803558385355037,0.06491891891891877,0.032459459459459605
"[5, 6, 6, 11]","[5,6,6,11]",0.0522,0.0234,True,False,pares,0,27,1,0.0,1.0,2.242052578177834,2.209581535706792,2.209581535706792,2.177110493235749,0.0649420849420852,0.03247104247104238
"[4, 5, 6, 6]","[4,5,6,6]",0.0009,0.0919,True,False,pares,0,21,1,0.0,1.0,2.232774274500974,2.2004885602152595,2.2004885602152595,2.168202845929545,0.06457142857142895,0.03228571428571447
"[4, 5, 5, 11]","[4,5,5,11]",0.0437,0.0911,True,False,pares,0,24,1,0.0,1.0,2.22577340141189,2.1935108531493417,2.1935108531493417,2.1612483048867936,0.06452509652509653,0.032262548262548485
"[4, 4, 10, 11]","[4,4,10,11]",0.0778,0.0994,True,False,pares,0,28,1,0.0,1.0,2.21622517894477,2.1838583835779746,2.1838583835779746,2.1514915882111794,0.06473359073359042,0.03236679536679521
"[5, 5, 10, 11]","[5,5,10,11]",0.0826,0.0222,True,False,pares,0,30,1,0.0,1.0,2.215105667737083,2.1824801851116007,2.1824801851116007,2.1498547024861177,0.06525096525096519,0.03262548262548215
"[4, 6, 6, 7]","[4,6,6,7]",0.0038,0.0599,True,False,pares,0,23,1,0.0,1.0,2.2120939316623462,2.179769607338022,2.179769607338022,2.1474452830136976,0.06464864864864861,0.032324324324324305
"[6, 6, 7, 10]","[6,6,7,10]",0.0245,0.0033,True,False,pares,0,29,1,0.0,1.0,2.206373565518928,2.1740917122370744,2.1740917122370744,2.141809858955221,0.0645637065637068,0.0322818532818534
"[4, 5, 5, 10]","[4,5,5,10]",0.0101,0.0962,True,False,pares,0,24,1,0.0,1.0,2.1948957588050897,2.1626911256004564,2.1626911256004564,2.130486492395823,0.06440926640926659,0.03220463320463329
"[5, 6, 6, 10]","[5,6,6,10]",0.0134,0.0228,True,False,pares,0,27,1,0.0,1.0,2.1943555653635665,2.1616644456724465,2.1616644456724465,2.1289733259813266,0.06538223938223986,0.03269111969111993
"[5, 5, 7, 11]","[5,5,7,11]",0.0617,0.0246,True,False,pares,0,27,1,0.0,1.0,2.1833951570749734,2.150808284488101,2.150808284488101,2.1182214119012284,0.06517374517374508,0.03258687258687232
"[5, 6, 6, 7]","[5,6,6,7]",0.0041,0.0201,True,False,pares,0,24,1,0.0,1.0,2.1802931476750524,2.1480614874433925,2.1480614874433925,2.1158298272117317,0.0644633204633207,0.03223166023165991
"[4, 5, 5, 7]","[4,5,5,7]",0.0019,0.0951,True,False,pares,0,21,1,0.0,1.0,2.173868308754642,2.1416868415731747,2.1416868415731747,2.1095053743917074,0.06436293436293461,0.032181467181467305
"[4, 4, 7, 11]","[4,4,7,11]",0.0546,0.0994,True,False,pares,0,25,1,0.0,1.0,2.1726156742350473,2.140217990837364,2.140217990837364,2.10782030743968,0.06479536679536713,0.03239768339768334
"[4, 5, 10, 11]","[4,5,10,11]",0.0811,0.0763,False,False,sin_pares,0,29,0,0.0,1.0,2.167366017075,2.167366017075,2.167366017075,2.167366017075,0.0,0.0
"[5, 5, 6, 11]","[5,5,6,11]",0.0493,0.0245,True,False,pares,0,26,1,0.0,1.0,2.1663194978245435,2.133813706318752,2.133813706318752,2.1013079148129603,0.06501158301158316,0.03250579150579158
"[4, 5, 5, 6]","[4,5,5,6]",0.0003,0.09,True,False,pares,0,20,1,0.0,1.0,2.160840563840207,2.128523961523605,2.128523961523605,2.0962073592070025,0.06463320463320432,0.03231660231660172
"[4, 6, 10, 11]","[4,6,10,11]",0.0838,0.0561,False,False,sin_pares,0,30,0,0.0,1.0,2.1596872075022726,2.1596872075022726,2.1596872075022726,2.1596872075022726,0.0,0.0
"[4, 4, 6, 11]","[4,4,6,11]",0.0473,0.0985,True,False,pares,0,24,1,0.0,1.0,2.1584275094835466,2.125956467012504,2.125956467012504,2.093485424541462,0.06494208494208475,0.03247104247104238
"[4, 4, 5, 11]","[4,4,5,11]",0.0403,0.1033,True,False,pares,0,23,1,0.0,1.0,2.1507327143358808,2.1181535637567306,2.1181535637567306,2.0855744131775795,0.06515830115830124,0.03257915057915017
"[4, 5, 7, 11]","[4,5,7,11]",0.0608,0.0804,False,False,sin_pares,0,26,0,0.0,1.0,2.1406300718272724,2.1406300718272724,2.1406300718272724,2.1406300718272724,0.0,0.0
"[5, 5, 6, 10]","[5,5,6,10]",0.0148,0.0236,True,False,pares,0,26,1,0.0,1.0,2.138163612599895,2.1058161222524046,2.1058161222524046,2.073468631904914,0.06469498069498103,0.03234749034749029
"[5, 5, 7, 10]","[5,5,7,10]",0.0169,0.0238,True,False,pares,0,27,1,0.0,1.0,2.1362760962186025,2.103666057608564,2.103666057608564,2.0710560189985254,0.06522007722007706,0.032610038610038306
"[4, 6, 7, 11]","[4,6,7,11]",0.0677,0.0597,False,False,sin_pares,0,27,0,0.0,1.0,2.1351154812886364,2.1351154812886364,2.1351154812886364,2.1351154812886364,0.0,0.0
"[4, 5, 6, 11]","[4,5,6,11]",0.0472,0.0931,False,False,sin_pares,0,25,0,0.0,1.0,2.130429444388636,2.130429444388636,2.130429444388636,2.130429444388636,0.0,0.0
"[4, 4, 7, 10]","[4,4,7,10]",0.0168,0.0973,True,False,pares,0,25,1,0.0,1.0,2.1293098480214723,2.0968040565156807,2.0968040565156807,2.0642982650098896,0.06501158301158272,0.03250579150579158
"[4, 4, 6, 10]","[4,4,6,10]",0.0113,0.1049,True,False,pares,0,24,1,0.0,1.0,2.1233977598985696,2.0907722772730866,2.0907722772730866,2.0581467946476044,0.06525096525096519,0.03262548262548304
"[4, 4, 5, 10]","[4,4,5,10]",0.0092,0.1034,True,False,pares,0,23,1,0.0,1.0,2.119448708626237,2.0868425310200593,2.0868425310200593,2.0542363534138817,0.06521235521235536,0.03260617760617768
"[4, 4, 6, 7]","[4,4,6,7]",0.0027,0.1083,True,False,pares,0,21,1,0.0,1.0,2.105244889520068,2.0727815690567475,2.0727815690567475,2.0403182485934277,0.06492664092664047,0.03246332046332068
"[5, 5, 6, 7]","[5,5,6,7]",0.0024,0.0256,True,False,pares,0,23,1,0.0,1.0,2.1027350402125657,2.0702022216797475,2.0702022216797475,2.037669403146929,0.06506563706563684,0.0325328185328182
"[4, 4, 5, 7]","[4,4,5,7]",0.0012,0.1027,True,False,pares,0,20,1,0.0,1.0,2.098066774528545,2.0656845351463056,2.0656845351463056,2.0333022957640665,0.06476447876447855,0.0323822393822395
"[4, 5, 6, 10]","[4,5,6,10]",0.0124,0.0871,False,False,sin_pares,0,25,0,0.0,1.0,2.093424227615909,2.093424227615909,2.093424227615909,2.093424227615909,0.0,0.0
"[4, 5, 7, 10]","[4,5,7,10]",0.0174,0.0789,False,False,sin_pares,0,26,0,0.0,1.0,2.0932820325659085,2.0932820325659085,2.0932820325659085,2.0932820325659085,0.0,0.0
"[5, 6, 7, 11]","[5,6,7,11]",0.0655,0.0193,False,False,sin_pares,0,28,0,0.0,1.0,2.0909891247795453,2.0909891247795453,2.0909891247795453,2.0909891247795453,0.0,0.0
"[4, 4, 5, 6]","[4,4,5,6]",0.0003,0.0992,True,False,pares,0,19,1,0.0,1.0,2.0896986969113547,2.05714271235537,2.05714271235537,2.024586727799386,0.06511196911196881,0.03255598455598463
"[4, 6, 7, 10]","[4,6,7,10]",0.0211,0.0617,False,False,sin_pares,0,27,0,0.0,1.0,2.087353556015909,2.087353556015909,2.087353556015909,2.087353556015909,0.0,0.0
"[4, 5, 6, 7]","[4,5,6,7]",0.0024,0.0908,False,False,sin_pares,0,22,0,0.0,1.0,2.068841504609091,2.068841504609091,2.068841504609091,2.068841504609091,0.0,0.0
"[5, 6, 7, 10]","[5,6,7,10]",0.0202,0.0217,False,False,sin_pares,0,28,0,0.0,1.0,2.0493920500840908,2.0493920500840908,2.0493920500840908,2.0493920500840908,0.0,0.0
